,Name,Type,City,Associated Entity,Associated Terms
0,301 East 66th St.,Miscellaneous,New York,,
1,Dan Abraham,Person,New York,Thompson Medical,
2,Frederick Adler,Person,West Palm Beach,"Venad Management, Inc.",
3,Cath Adler,Person,West Palm Beach,"Venad Management, Inc.",
4,Aero Leasing,Entity,"Zurich, Geneva",,
5,John Alessi,Person,Royal Palm Beach,,House maint. man
6,Ron Altbach,Person,New York,HKM,
7,Tim Ambrose,Person,Interlochen,,
8,Marjan Amogli,Person,London,,
9,Anderson & Shepard Ltd.,Entity,London,,
10,Eva Andersson,Person,New York,,
11,Jean Appelt,Person,,Citibank,
12,Ted Arison,Person,Miami,Carnival Cruise Lines,
13,Placido Arango,Person,Madrid,Grupo Sigla,
14,Bill Archer,Person,Westerville,,
15,Stanley Arkin,Person,New York,"Arkin, Schaffer & Kaplan",
16,Lorinda Ash,Person,New York,Gagosian Gallery,
17,Linda Aslanian,Person,New York,,
18,Andre Balazs,Person,New York,The Mercer,
19,Bandar Prince,Person,Aspen,,
20,Renee Preisler Barasch,Person,New York,RPB Design,
21,Elena Leonidovna Barmakova,Person,Malibu,,
22,Richard Barnett,Person,Bayside,,
23,Jonathan Barrett,Person,New York,,
24,Anthony Barrett,Person,New York,Ossa Properties,
25,Gwendolyn Beck,Person,Palm Beach,,
26,Nicky Barrett,Person,Greenwich,"Ivey, Barnum & O'Mara",
27,Doug Barton,Person,Gahanna,New Albany Company,
28,Gerald Barton,Person,New Albany,New Albany Company,
29,Jerry Beck,Person,Columbus,The Limited,
30,Harry I. Beller,Person,Monsey,,
31,Michaela Bercu,Person,,,
32,Stanley Bergman,Person,New York,,
33,Bob Berlin,Person,Scarsdale,Paine Webber,
34,Sophie Biddle,Person,New York,,
35,Abe Biederman,Person,Brooklyn,Lipper & Co.,
36,Nadia Bjorlin,Person,West Palm Beach,,
37,Conrad Black,Person,London,,
38,Leon Black,Person,New York,"Apollo Management, L.P.",
39,Jennifer Blair,Person,Alvaro,,
40,Dennis Block,Person,New York,"Wil, Gotshal & Manges",
41,Dominique Bluhdorn,Person,New York,Spade & Archer,
42,Bill Boardman,Person,,BankOne,
43,David Bonderman,Person,Washington,Texas Pacific Group,
44,Beth Anne Bovino,Person,Cherry Hill,,
45,Kelly Bovino,Person,Santa Monica,,
46,Randy Bowie,Person,New Albany,The Limited,
47,Bruce Brickman,Person,New York,Brickman & Associates,
48,Bristol Hotel,Entity,"Geneva, Paris",,
49,"Horace ""Woody"" Brock",Person,Menlo Park,Strategic Economic Decisions,
50,Fred Brooks,Person,Greenwich,Connecticut Economics Corp,
51,Andrea Brown,Person,Newton,Harvard Radcliffe Hillel,
52,Coco Brown,Person,New York,Brown Companies,
53,BSI Geneva,Entity,Geneva,,
54,"Michael S Buchholtz, M.D.",Person,Huntington,,
55,Tiffany Burns,Person,Burlington,WVNY TV,
56,David M. Byrne,Person,,Oatman Associates,Driver
57,George Carmody,Person,New York,Carmody Law Office,
58,Bill Carter,Person,Worthington,Price Waterhouse,
59,Francois Catroux,Person,,,
60,John A. Catsimatidis,Person,New York,Red Apple Group,
61,Jimmy Cayne,Person,New York,Bear Stearns,
62,Didier Cazaudumec,Person,New York,,
63,Hale Champion,Person,Cambridge,,
64,Chicago Car,Entity,,,
65,Bill Ciralosky,Person,Toledo,,
66,Nancy Ciralosky,Person,Toledo,,
67,Claridges,Entity,,,
68,Jay Cochran,Person,,,
69,Jeffrey Cohen,Person,New York,"Wasserstein, Parella & Co. Inc",
70,Steve Cohen,Person,New York,Gold & Wachtel,
71,Bob Crow,Person,New York,"Crow, Crow & Ver",
72,Diane Cummings,Person,New York,,
73,Paul Curran,Person,Spring Lake,"Kaye, Scholer",
74,Mike Cutlip,Person,Chicago,Hong Kong Bank ICA Division,
75,Ron Daniel,Person,New York,"Harvard University, McKinsey & Co Inc.",
76,Dayle Davison,Person,New York,Citibank,
77,Michel de Yougoslavia,Person,Palm Beach,Sotheby's Int. Realty,
78,George Delson,Person,New York,George Delson & Associates,
79,Michael Dennis,Person,New York,Azure Dev Inc.,
80,Alan Dershowitz,Person,Cambridge,,
81,Dawn Devito,Person,Watertown,,yoga instructor in P.B.
82,Alex Di Carcaci,Person,London,,
83,Donna,Person,,,
84,Drake Hotel,Entity,Chicago,,
85,Milt Dresner,Person,Southfield,,
86,Marie Helene du Chatel,Person,New York,,
87,Glen Dubin,Person,New York,Dubin & Swieca,
88,Laurie Durning,Person,,,
89,Dr. David M. Eisenberg,Person,Boston,Harvard Medical School,
90,Warren Eisenstein,Person,,,
91,John C. Elam,Person,Columbus,"Vorys, Sater, Seymour & Pease",
92,William S. Elkus,Person,Pacific Palisades,Nathan Todd & Company,
93,Mandy Ellison,Person,New York,,
94,Ralph Ellison,Person,Palm Beach,,
95,Donald Engel,Person,New York,Bear Stearns,
96,EPSTEIN - PORTABLES,Miscellaneous,,,
97,EPSTEIN - PORTABLES EUROPE,Miscellaneous,,,
98,Jeffrey Epstein,Person,,,
99,Arnold H. Epstein,Person,Kendall Park,,
100,Mark Epstein,Person,New York,"Izmo Family of Companies, Inc.",
101,Mark Epstein,Person,Stone Mountain,,
102,Karen Epstein,Person,Stone Mountain,,
103,Paula Epstein,Person,West Palm Beach,,
104,Exercise people,Miscellaneous,,,
105,Morgan Fairchild,Person,New York,,
106,Mitchel Feigenbaum,Person,,,
107,Frederic Fekkai,Person,New York,Frederic Fekkai Beauty Center,
108,Frederick (Ted) W. Field,Person,Los Angeles,,
109,Ted Fields,Person,,,
110,Mark Fisher,Person,New York,,
111,Bobby Foman,Person,,,
112,Jeanette Foman,Person,,,
113,Lyn Fontanilla,Person,New York,,
114,Jojo Fontanilla,Person,New York,,
115,Chris (Kip) Forbes,Person,New York,Forbes Magazine,
116,Katie Ford,Person,New York,Ford Models,
117,Lynn Forester,Person,New York,Firstmark Holdings,
118,Lynn Forester,Person,New York,Firstmark Holdings,
119,James S. (Jim) Forsbach,Person,New Albany,"The Limited, Inc.",
120,Marius Fortelni,Person,New York,,
121,Four Seasons,Entity,New York,,
122,Ellie Fox,Person,Woody Creek,,
123,Eric Fraad,Person,,,
124,Richard Freedman,Person,,,
125,Samuel Fried,Person,Bexley,"The Limited, Inc.",
126,David M. Fromer,Person,New York,Hacher Group,
127,Cyril Fung,Person,Hong Kong,,
128,Christina Galbraith,Person,New York,,
129,Eric Gany,Person,Wilton,,
130,Garage,Entity,New York,,
131,Cheryl Gaydas,Person,New York,Fairchild Corporation,
132,Darlene Gaydas,Person,New York,,
133,William Geffers,Person,Chicago,The Industrial Bank of Japan,
134,Les Gelb,Person,,Council on Foreign Relations,
135,Ann Getty,Person,San Francisco,,
136,Jim Gibson,Person,Washington,,
137,Kenneth Gilman,Person,Columbus,"The Limited, Inc.",
138,Howard Gittis,Person,New York,MacAndrews,
139,Hubert de Givenchy,Person,Paris,,
140,Dan Glickman,Person,Washington,,
141,Bob Gold,Person,Westport,"McDermott, Wohl Emery",
142,Stanley Gold,Person,Burbank,"Shamrock Holdings, Inc.",
143,Dr. Nick Goldberg,Person,,The Brain Institute,
144,Bob Goldsandt,Person,Los Angeles,Product Resources,
145,Jerry Goldsmith,Person,,,
146,Isabel Goldsmith,Person,Beverly Hills,,
147,Bob Goodman,Person,Englishtown,,
148,Francis Goodman,Person,Brooklyn,,
149,Rita Goodman,Person,Englishtown,,
150,Alan Gordon,Person,,,
151,Edward S. Gordon,Person,New York,Edward S. Gordon Company,
152,Matt A. Gorman,Person,Bethesda,U.S. Treasury Department,
153,Stephen Jay Gould,Person,Cambridge,"Museum of Comparative Zoology, Harvard University",
154,Alan (Ace) Greenberg,Person,New York,Bear Stearns,
155,Ted Greenberg,Person,New York,ABD,
156,Christina Greeven,Person,New York,Manhattan File,
157,David Grosof,Person,Clayton,Central Institute for the Deaf,
158,Pamela Gross,Person,New York,,
159,Charles Hack,Person,,,
160,Susan Guttfreund,Person,,,
161,John Guttfreund,Person,,,
162,Elena Hahn,Person,,J.P. Morgan,
163,MaryLynn Halland,Person,New York,,
164,Carl Hamman,Person,Mount Stirling,Lower Gwynne,
165,Steve Hanson,Person,New York,,
166,Jill Harth,Person,,American Dream,
167,Galila Hashemi,Person,London,,
168,Alex Hayes,Person,New York,,
169,Carrie Hayes,Person,New York,Missbrenner,
170,Gregory Hedberg,Person,New York,Hirschel & Adler Art Gallery,
171,Christy Hefner,Person,Chicago,Playboy Enterprises Inc.,
172,Paula Heil,Person,New York,Millennial Arts,
173,Dennis Hersch,Person,New York,"Davis, Polk & Wardwell",
174,Emanuelle Hess,Person,Neuilly,,
175,Judith Hess,Person,New York,,
176,Ashley Hester,Person,Los Angeles,,
177,Danny  Hillis,Person,Glendale,Walt Disney Imagineering,
178,Charlie Hinson,Person,Columbus,"Limited Store Planning, Inc.",
179,Dr. Hirshfield,Person,,,
180,Heidi Holterbosch,Person,,,
181,Shaunt Hovnanian,Person,Red Bank,Hovanian Grove,
182,Joe Hunter,Person,New York,Ford Models,
183,Ambassador Jon M. Huntsman,Person,Salt Lake City,Huntsman Chemical,
184,Carl Icahn,Person,Mount Kisco,,
185,Darren K. Indyke,Person,New York,,
186,Suzanne Ircha,Person,New York,,
187,Allison Jacobs,Person,New York,,
188,Francis Jardine,Person,Cape Town,,
189,William Jeffers,Person,Chicago,The Industrial Bank of Japan,
190,Pamela Johananoff,Person,Little Rock,,
191,Elizabeth Johnson,Person,New York,,
192,Anton Katz,Person,New York,,
193,John Kelly,Person,Albuquerque,,Attorney General
194,Lainie Kelson,Person,New York,,
195,Christine Kenneally,Person,New York,,
196,Bobby Kennedy,Person,Bedford,,
197,Mary Kennedy,Person,Bedford,,
198,Senator Edward Kennedy,Person,McLean,,
199,Gary Kerney,Person,,,
200,Jack Kessler,Person,New Albany,New Albany Company,
201,Kristina Kincaid,Person,New York,Victoria's Secret,
202,Bruce King,Person,Santa Fe,,Governor - New Mexico
203,Robert Kissen,Person,London,,
204,Robin Klein,Person,Los Angeles,,
205,John Warner Kluge,Person,New York,,
206,Eva Koch,Person,New York,,
207,Mrs. Koppel,Person,,,
208,Jesse Kornbluth,Person,New York,,
209,Charles Kotick,Person,New York,Aronsohn & Berman,
210,Michael Kramer,Person,,,
211,Kristina Kraverica,Person,Los Angeles,,
212,Henry Kravis,Person,New York,"Kohlberg, Kravis & Roberts",
213,Heidi Kucker,Person,New York,Christie's,
214,Lauren Kwintner,Person,New York,,
215,Sean Lancaster,Person,Washington,"Bristol Associates, Inc.",BAC I-II Expert
216,Lanesborough Hotel,Entity,London,,
217,Christina Lange,Person,,,
218,Alice Larkin,Person,New York,Betsy's,
219,Nathan Rabbi Laufer,Person,Teaneck,Wexner Heritage Foundation,
220,Ann Lawesson,Person,Granna,,
221,Christopher Lawford,Person,Katonah,,
222,Jean Lawford,Person,Katonah,,
223,Robin Leach,Person,New York,Leach Entertainment Enterprise,
224,Larry Leeds,Person,New York,Buckingham Research,
225,Elliot H. Levine,Person,New York,,
226,Robin E. Levy,Person,Los Angeles,Elite Talent,
227,Kathy Lindman,Person,New York,,
228,Kenny Lipper,Person,New York,Lipper & Company,
229,Carol Mack,Person,New York,,
230,Earl Mack,Person,New York,,
231,David Mahoney,Person,West Palm Beach,,
232,Bob Mallard,Person,New York,Lehman Brothers,
233,Bruce Margolius,Person,Park City,,
234,Mark Hotel,Entity,New York,,
235,Donald Marron,Person,New York,Paine Webber,
236,Masseuse/Masseur,Miscellaneous,,,
237,Mast Industries,Entity,"Hong Kong, Milan",,Pres. John Welch
238,Ghislaine Maxwell,Person,London,,
239,Mayfair Regent,Entity,,,
240,Thomas C. McMillen,Person,Washington,United States House of Representatives,Congressman
241,Jerry McNamara,Person,,Goldman Sachs,
242,Samantha McQuiston,Person,London,,
243,John Meade,Person,Washington,O'Connor & Hannan,
244,Jerry Merritt,Person,New Albany,"The Limited, Inc.",
245,Mark Middleton,Person,Washington,The White House,
246,Celina Midelfart,Person,Oslo,,
247,Charles Miller,Person,Mamaroneck,Miller & Raved,
248,Howard Millstein,Person,New York,,
249,Paul Millstein,Person,New York,Millstein Properties Corp.,
250,Ross Milroy,Person,Boca Raton,,
251,Steve Minick,Person,New Albany,The New Albany Company,
252,David Mitchell,Person,New York,,
253,George Mitchell,Person,Portland,"Verner, Liipfert, Bernhard, Mc",Special Counsel
254,Larry Mogens,Person,,,
255,Rosa Monckton,Person,London,Tiffany & Co.,
256,Mike Moritz,Person,Columbus,Baker & Hostetler,
257,Nathan Myhrvold,Person,Redmond,Microsoft Corporation,Chief Technology Officer
258,Erin Nance,Person,Athens,,
259,Robert E. Nederlander,Person,New York,"Nederlander Organ, Inc.",
260,New Albany,Entity,New Albany,,
261,New Albany Bath & Tennis Club,Entity,New Albany,,
262,New Albany Country Club,Entity,New Albany,,
263,New Albany Property Investment,Entity,New Albany,,N.A. Property
264,New York Academy of Art,Entity,New York,,
265,Larry Newman,Person,Sand Point,,
266,Larry Esq. Newman,Person,New York,Friedman & Kaplan,
267,Mr. & Mrs. W.A. Nitze,Person,New York,,
268,Robert Nunnery,Person,New York,,U.S. Customs
269,Jack O’Rourke,Person,Washington,,
270,Bob Oatman,Person,Gahanna,"R.L. Oatman & Associates, Inc.",Protective Operation
271,Wayne Owens,Person,Washington,,Congressman
272,Mark Packer,Person,New York,Canastel's,
273,Joel Pashcow,Person,Great Neck,RPS Realty Trust,
274,Stacey Pashcow,Person,New York,,
275,Gabriel Perahia,Person,Geneva,,
276,Marty Peretz,Person,Washington,The New Republic,
277,Ronald Perelman,Person,New York,Revlon,
278,John Peters,Person,Burbank,Peters Entertainment,
279,Lauren Petrella,Person,Willowick,,
280,Caryl Philips,Person,Dayton,,
281,Pierre Hotel,Entity,New York,,
282,PILOT INFORMATION,Miscellaneous,,,
283,Sue-Ann Pisack,Person,New York,,
284,Stuart Pivar,Person,New York,,
285,Suzanne Ponsot,Person,New York,American Friends of Israel,Executive Director
286,Gene Pressman,Person,Larchmont,Barney's of New York,
287,Kim Price,Person,Alexandria,Barrueta,
288,Paul Prosperi,Person,Palm Beach,Algoa Deny,
289,George Pryor,Person,New Albany,First Intercontinental Realty,
290,Nina Pustilnik,Person,New York,First Boston,
291,Thomas H. Quinn,Person,Washington,O'Connor & Hannan,
292,Lewis S. Ranieri,Person,Merrick,"Ranieri & Co., Inc.",
293,Steven Rattner,Person,New York,,
294,Marty Raynes,Person,New York,M.J. Raynes,
295,Patty Raynes,Person,,,
296,Ed Razek,Person,Galena,,
297,Nick Ribis,Person,New York,Trump Organization,
298,Joan Rivers,Person,New York,,
299,Jacque Robertson,Person,New York,Cooper Robertson & Partners,
300,David Rockefeller,Person,New York,Rockefeller Financial Service,
301,Dave Rodgers,Person,Lake Worth,,
302,Marshall Rose,Person,New York,Georgetown Group,
303,Henry Rosovsky,Person,Newton,Harvard University,Dean
304,David Ross,Person,New York,Whitney Museum of American Art,
305,Leonard Ross,Person,Beverly Hills,Rossco Holdings Incorporated,
306,David Roth,Person,,National Line,
307,Peter Thomas Roth,Person,New York,Karbra Co.,
308,Edmund Baron Rothschild,Person,Geneva,,
309,Edouard de Rothschild,Person,Paris,,
310,Celine Rousselet (Cazals),Person,Paris,,
311,Steve Ruchefsky,Person,,,
312,Bernard Sabrier,Person,Geneva,"Unigestion, S.A.",
313,Oliver Dr. Sacks,Person,New York,,
314,Elizabeth Schafer,Person,New York,,
315,Larry Schafran,Person,New York,L.G. Schafran & Partners,
316,Jeff Schantz,Person,North Woodmere,,
317,Douglas A Schoettle,Person,New York,,
318,Robert S. Schwartz,Person,Columbus,"Schwartz, Kelm, Warren & Rubenstein",
319,Claudia Scier,Person,New York,,
320,Kathryn Scott,Person,Arlington,Kathryn Scott Associates,
321,Joan Severance,Person,Studio City,,
322,Donald B. Shackelford,Person,Gahanna,State Savings Bank,
323,Rhonda Shearer,Person,New York,,wife of Jay Gould
324,Stanley Shopkorn,Person,New York,Ethos Capital,Managing General Ptn
325,William (Bill) Siegel,Person,New York,Chris-Craft Industries,
326,Bruce Slovin,Person,New York,MAC Andrews & Forbes Group Inc.,President
327,Dennis Smith,Person,Southampton,,
328,Richard Snyder,Person,New York,,
329,Laura Yorke Snyder,Person,New York,,
330,Bruce Soll,Person,Columbus,"The Limited, Inc.",
331,Michael W. Sonnenfeldt,Person,Tenafly,"Emmes & Co., Inc.",
332,Sophie Van Hauen,Person,London,Charlotte Morgan,
333,Ellen Spencer,Person,Amelia Island,,
334,Bob Starodoj,Person,Aspen,Mason & Morse Real Estate,
335,John Stefanidis,Person,London,,
336,Saul Steinberg,Person,New York,Reliance Group Holding Inc.,Chairman
337,Pamela Stephens,Person,Columbus,,
338,Michael Stevens,Person,St. Tropez,,
339,Nina Stevens,Person,St. Tropez,,
340,Linda Stone,Person,,Microsoft,
341,Craig Tafoya,Person,Davie,Limitless,
342,Felicia Taylor,Person,New York,CNBC,
343,Elizabeth Tepper,Person,New York,ABB Service Worldwide,
344,Allan R. Tessler,Person,Teton Village,International Financial Group,
345,Susan Thomases,Person,New York,Wilkie Farr & Gallagher,
346,Lenny Toboroff,Person,New York,Riddell,
347,Cathy Tolbert,Person,New York,,
348,Trilaterial Commission,Entity,New York,,
349,Donald Trump,Person,New York,The Trump Organization,
350,Marty Trust,Person,Manchester,"Mast Industries, Inc.",
351,Steve Tuckerman,Person,Columbus,Tuckerman Optical Co.,
352,Christy Turlington,Person,Los Angeles,,
353,Tony Valukas,Person,Chicago,Jenner & Block,
354,John Viggiano,Person,New York,Dignitary Protection,
355,Larry Visoski,Person,Boynton Beach,,
356,Linda Wachner,Person,New York,"Warnaco, Inc.",
357,William B. Wachtel,Person,New York,Gold & Wachtel,
358,Francis Wahl,Person,Geneva,,
359,Philipe Wahl,Person,Rome,DeDem Automatica,
360,Ric Wanetik,Person,Columbus,Ric Wanetik & Associates,
361,CC Wang,Person,New York,U.S. Summit Corp.,
362,Vera Wang Becker,Person,New York,"Vera Wang Bridal House, Ltd.",
363,Sandy Warner,Person,New York,J.P. Morgan,
364,Patsy Warner,Person,New York,,
365,Bob Wesselman,Person,Worthington,NA Country Club,
366,Bella Wexner,Person,Columbus,,
367,Les Wexner,Person,London,"The Limited, Inc.",
368,White House,Entity,Washington,,
369,Amber Williamson,Person,Santa Monica,,
370,Tobie Wood,Person,Beverly Hills,,
371,Fred Yaffe,Person,Bloomfield Hills,Yaffe & Co.,
372,Dimitri Yugoslavie,Person,New York,Sotheby's,
373,Barry Zelin,Person,New York,Gruntal,
374,Ira Zicherman,Person,Brooklyn,Bear Stearns,
375,Mort Zucherman,Person,New York,Boston Properties,
376,,,,,
377,Abby,Person,,,
378,John Agnew,Person,London,,
379,Joanna Abousleiman,Person,,,
380,Nick Adam,Person,Paris,,
381,Rufus Albermarle,Person,New York,,
382,Sally Albermarle,Person,New York,,
383,Saffron Aldridge,Person,London,,
384,Charlie Althorp,Person,,,
385,Marie Claire Agnew,Person,London,,
386,Paul Allan,Person,,,
387,Alejandro Agag,Person,,,
388,Giacomo Algranti,Person,London,,
389,Pam Alexander,Person,,,
390,Nick Allan,Person,Hong Kong,,
391,Sarah Allan,Person,Hong Kong,,
392,Carella Alun-Jones,Person,London,,
393,Deborah Alun-Jones,Person,West Sussex,,
394,Jeremy Alun-Jones,Person,West Sussex,,
395,Maurice Amon,Person,New York,,
396,Roberta Amon,Person,New York,,
397,Philippe Amon,Person,Aubonne,,
398,Philippe Amon,Person,Aubonne,,
399,Lisa Anastos,Person,New York,,
400,Lulu Anderson,Person,,,
401,Alex Appleby,Person,London,,
402,Robert Appleby,Person,London,,
403,Maite Arango,Person,Madrid,,
404,Vicente Alvarez,Person,,,
405,Viscount William Astor,Person,,,
406,Jose Aznar,Person,New York,S&S Capital,
407,Victor Arellano,Person,London,,
408,Herve Aron,Person,New York,,
409,Marine Aron,Person,New York,,
410,Lorinda Ash,Person,New York,,
411,Ari Ashley,Person,London,,
412,Nick Ashley,Person,London,,
413,Charlotte Assaf,Person,New York,,
414,Vittorio Assaf,Person,New York,,
415,Helene Atkin,Person,San Francisco,,
416,Mike Atkin,Person,Hoboken,,
417,Ami Atkin,Person,Hoboken,,
418,Jean Baddeley,Person,Malaga,,
419,Peter Bahrke,Person,,,
420,Danny Baker,Person,,,
421,Shariar Bakhtiar,Person,,,
422,Joaquin Fernandez de Arion,Person,Madrid,,
423,Simon Astaire,Person,London,,
424,Fernando Arion,Person,New York,,
425,Arthur Armstrong,Person,,,
426,Cathy Armstrong,Person,,,
427,"Balliol College, Oxford",Entity,Oxford,,
428,Lady Carole Bamford,Person,,,
429,Sir Anthony Bamford,Person,,,
430,Doug Band,Person,New York,Office of William J. Clinton,
431,Alice Bamford,Person,Gloucestershire,Daylesford House,
432,George Bamford,Person,Gloucestershire,Daylesford House,
433,Clive Bannister,Person,London,HSBC Investment Bank,
434,Javier Banon,Person,New York,IFB International Finance Bank,
435,André Balazs,Person,New York,The Mercer,
436,Gretal Barham,Person,London,,
437,Nicholas Barham,Person,London,,
438,Peter Barnes,Person,,,
439,Craig Barnett,Person,New York,,
440,Hillary Batstone,Person,London,,
441,Alec Baldwin,Person,New York,,
442,Countess Debonnaire Von Bismarck,Person,London,,
443,"Nikolai ""Bola"" Von Bismarck",Person,London,,
444,Nicolas Berggruen,Person,New York,Alpha Investment Management,
445,Jean Paul Bjorlin,Person,,Juilliard School,
446,Bill Berkman,Person,New York,The Associated Group,
447,Natasha Batstone,Person,,,
448,Tim Batstone,Person,,,
449,Lorenzo Baumer,Person,,,
450,Lady Beaumont,Person,London,,
451,Lord Beaumont,Person,London,,
452,Tamara Beckwith,Person,,,
453,Lisa Beizberg,Person,New York,,
454,Steven Benson,Person,,,
455,Baron Bentinck,Person,Essex,,
456,Tara Bernard,Person,,,
457,Martyn Birchall,Person,New York,,
458,Robin Birley,Person,London,,
459,Jean Marc Bisson,Person,,,
460,Vanessa Von Bismark,Person,New York,,
461,Michael Bloomberg,Person,New York,,
462,Daniel Bodini,Person,New York,American Properties,
463,Barbara Black,Person,New York,Hollinger International,
464,Conrad Black,Person,New York,Hollinger International,
465,Lauren Booth,Person,London,NetJets,
466,Mark Booth,Person,London,NetJets,
467,David Blaine,Person,,,
468,Tony Blair,Person,,,
469,Samantha Boardman,Person,,,
470,Serena Boardman,Person,,,
471,Johnie Boden,Person,London,,
472,Sophie Boden,Person,London,,
473,Anabelle Bond,Person,,,
474,Andrea Bonomi,Person,Milan,,
475,Giola Bonomi,Person,Milan,,
476,Nicholas Bookis,Person,,,
477,Christina A. Boothe,Person,,,
478,Paulo Borgese,Person,,,
479,Edward de Boisgelin,Person,London,,
480,Blogs Blacker,Person,Liss,,
481,Jill Blacker,Person,Liss,,
482,Flavio Briatore,Person,Oxfordshire,,
483,Hon. Bruce Bossom,Person,London,,
484,Princess Georgina Brandolini d'Adda,Person,Paris,,
485,Tiberto Brandolini d'Adda,Person,Paris,Exor Group,
486,Tony Brand,Person,,Plein Sud,
487,Michael Borrico,Person,New York,Certified Contracting Inc.,
488,Julia Broadhurst,Person,Cape Town,Speedo,
489,Hamish Bowles,Person,,Vogue,
490,Sylvianne Boucherie,Person,Paris,,
491,Rick Bourke,Person,Greenwich,,
492,Hugo Brachetti,Person,,,
493,Ferdinando Brachetti Peretti,Person,Rome,,
494,Caroline Braine,Person,,,
495,Ben Bram,Person,,,
496,Peter Brandt,Person,,,
497,Richard Branson,Person,London,,
498,Penelope Bossom,Person,London,,
499,Katie Braine,Person,London,,
500,Serge Braine,Person,London,,
501,Nuno Brandolini,Person,New York,,
502,Muriel Brandolini,Person,New York,,
503,Jean-Luc Brunel,Person,Paris,Karin Models,
504,Edgar Bronfman Bronfman Jr.,Person,New York,"Lexa Partners, LLC",
505,Jules Burney,Person,London,,
506,Bartle Bull,Person,New York,"Jones, Hirsch, Connors & Bull",
507,Jimmy Buffet,Person,Palm Beach,,
508,Jane Buffet,Person,Palm Beach,,
509,Louis Albert de Broglie,Person,,,
510,Miranda Brooks,Person,New York,,
511,Chris Brown,Person,New York,,
512,Alison Brown,Person,New York,,
513,Tania Bryer,Person,London,,
514,Ron Burckle,Person,Los Angeles,,
515,Martin Burtril,Person,,,
516,Candice Bushnell,Person,,,
517,Joan Juliet Buck,Person,,,
518,Hamish Bullough,Person,Suffolk,,
519,Emma Bullough,Person,Suffolk,,
520,James Bruce,Person,London,,
521,Lucinda Bruce,Person,London,,
522,Nicholas A C Candy,Person,London,Candy and Candy Ltd,
523,Terri Button,Person,London,Visa International,
524,"Arpad ""Arki"" Busson",Person,New York,,
525,Charlie Butter,Person,London,,
526,Robert Byng,Person,London,,
527,Jason Calacanis,Person,New York,,
528,Alistar Cambell,Person,London,,
529,Giancarlo Camerana,Person,,,
530,Cammy,Person,,,
531,Naomi Campbell,Person,London,,
532,Andrew de Candole,Person,London,,
533,Mario Calvo-Platero,Person,New York,,
534,Ariadne Calvo-Platero,Person,New York,,
535,Roddy Campbell,Person,,,
536,Emilio del Campo,Person,London,,
537,Brooke del Campo,Person,London,,
538,Dr. Mark Cecil,Person,London,,
539,Fabrizio Cerina,Person,Lugano,Credit des Alpes,
540,Caprice,Person,,,
541,Camila Carlbom,Person,New York,,
542,Carmine,Person,,,
543,Gian Carlo Cerutti,Person,Casale Monferrato,,
544,Barbara Carrera,Person,,,
545,Guido Casagrande,Person,Milan,,
546,Simon Case,Person,,,
547,Debbie Castaneda,Person,,,
548,Sara Carello,Person,,,
549,Massimo Carello,Person,,,
550,Aurelia Cecil Stephenson,Person,Ramsbury,,
551,William Carey,Person,London,,
552,Carina Carey,Person,London,,
553,Michel Carvalho,Person,London,,
554,Charlene Carvalho,Person,London,,
555,Mark Cecil,Person,Nairobi,,
556,Mini Cecil,Person,Nairobi,,
557,George Case,Person,London,,
558,Pauline Case,Person,London,,
559,Mandy Cochrane,Person,London,,
560,John Cleese,Person,,,
561,Alyce Faye Cleese,Person,,,
562,Vikram Chatwal,Person,New York,Hampshire Hotels & Resorts,
563,Larry Coben,Person,New York,Sunrise Capital Partners,
564,Linska Cierach,Person,London,The Studio,
565,Pietro  Cicognani,Person,New York,,
566,Alejandra Cicognani,Person,New York,,
567,Graham Clempson,Person,London,,
568,Emma Clempson,Person,London,,
569,John Chenevix-Trench,Person,London,,
570,John Chenevix-Trench,Person,London,,
571,Lucy Chenevix-Trench,Person,London,,
572,Lucy Chenevix-Trench,Person,London,,
573,Geoconda Cicogna,Person,London,,
574,Gianfranco Cicogna,Person,London,,
575,Gianluca Cicogna,Person,New York,,
576,Marina Cicogna,Person,Rome,,
577,Giuseppi Cipriani,Person,New York,,
578,Amadeo Claverino,Person,,,
579,Isabel Claverino,Person,,,
580,Lucy Clive,Person,London,,
581,Dalit Cohen,Person,London,,
582,Gustavo Cisneros,Person,New York,,
583,Patty Cisneros,Person,New York,,
584,Lady Marina Cowdray,Person,West Sussex,,
585,Peter Cohen,Person,Miami Beach,,
586,Jo Coleman,Person,New York,,
587,Jeffrey Colle,Person,,,
588,Henrietta Conrad,Person,London,,
589,Clive Cooke,Person,New York,,
590,Harry Cotterell,Person,Herefordshire,,
591,Colin Cowie,Person,New York,,
592,Fernando de Corodva Hohenlohe,Person,Madrid,,
593,Martine De Courcel,Person,,,
594,Rachel Cordle,Person,London,,
595,Susannah Constantine,Person,London,,
596,Sten Bertelsen,Person,London,,
597,Rupert Cordle,Person,London,,
598,Camilia Cordle,Person,London,,
599,Nicholas Coleridge,Person,London,,
600,Georgia Coleridge,Person,London,,
601,Phil Collins,Person,,,
602,Orianne Collins,Person,,,
603,Prince Pierre d'Arenberg,Person,,,
604,R. Boykin Curry,Person,New York,Eagle Capital Management,
605,Sophie Crabbe,Person,London,,
606,Alaistar Cudro,Person,,,
607,Carman D'Alessie,Person,,,
608,Amr A. Dabbagh,Person,,,
609,Sophie Dahl,Person,,,
610,Drake Darrin,Person,New York,,
611,William Dartmouth,Person,London,,
612,Jeff Davies,Person,,,
613,Michael Davis,Person,,,
614,Marcelo de Andrade,Person,Rio de Janeiro,,
615,Jacques de crussol d'Uzes,Person,,,
616,Jennifer d'abo,Person,London,,
617,Nick Day,Person,Rumuruti,,
618,Heather Day,Person,Rumuruti,,
619,David Davies,Person,London,,
620,Linda Davies,Person,London,,
621,Henri d'abo,Person,Cambridgeshire,,
622,Tatiana d'abo,Person,Cambridgeshire,,
623,Countess Caroline Stanley,Person,,,
624,"Edward Stanley, Earl of Derby",Person,,,
625,Princess Hermine de Clermont-Tonnerre,Person,Paris,,
626,Paul Dietrich,Person,Alexandria,"Meridian Emerging Markets, Ltd.",
627,Laura Dietrich,Person,Alexandria,"Meridian Emerging Markets, Ltd.",
628,Luca Del Del Bono,Person,London,Quintessentially,
629,Marc Antoine Dietrich,Person,,,
630,Cath Dietrich,Person,,,
631,Patrick de Baecque,Person,,,
632,Milly de Cabrol,Person,New York,,
633,Anouska De Georgiou,Person,London,,
634,Adam Dell,Person,New York,,
635,Charlotte Di Vita,Person,,,
636,Debbie Dickenson,Person,New York,,
637,Janice Dickinson,Person,,,
638,Johnathan Dimbelby,Person,,,
639,Dina De Luca,Person,New York,,
640,Fouad Chartouni,Person,New York,,
641,Ros Derby,Person,Pacific Palisades,,
642,Jonathan Derby,Person,Pacific Palisades,,
643,Jean Dedieu,Person,Peyrehorade,,
644,Paulette Dedieu,Person,Peyrehorade,,
645,Glenn Dubin,Person,New York,Dubin & Swiecz,
646,Pedro Diniz,Person,Sao Paulo,PPO Sports,
647,Louis Dubin,Person,New York,The Athena Group,
648,Tiffany Dubin,Person,New York,The Athena Group,
649,Alexandra Dixon,Person,London,,
650,Dale Djerassi,Person,,,
651,Alex Dolbey,Person,Suffolk,,
652,Suzie Dolbey,Person,Suffolk,,
653,Alegra Donne,Person,London,,
654,Dori,Person,,,
655,Dorrit,Person,,,
656,Diandra Douglas,Person,New York,,
657,Jeremy Drax,Person,,,
658,Bernard Dreesmann,Person,London,,
659,Minnie Driver,Person,,,
660,Anthony V. Dubb,Person,New York,,
661,Peter Dubbens,Person,,,
662,Elie Wiesel,Person,,,
663,"Sarah Ferguson, Duchess of York",Person,London,,
664,"Prince Andrew, Duke of York",Person,London,,
665,Paul Duesing,Person,Dallas,Leisure & Lifestyle Ventures,
666,Philip Dunne,Person,London,,
667,Dominice Dunne,Person,London,,
668,Peter Dubin,Person,,,
669,Francesco Ducrey-Giordano,Person,Torino,,
670,Griffin Dunne,Person,New York,,
671,Anh Duong,Person,New York,,
672,Luigi d'Urso,Person,Paris,,
673,Umar Dzhabrailou,Person,,,
674,Bernie Ecclestone,Person,London,,
675,Paul Eckon,Person,,,
676,Lucinda Edsel,Person,London,,
677,John Duthie,Person,London,,
678,Charlotte Duthie,Person,London,,
679,Miranda Dunbar-Johnson,Person,London,,
680,Stephen Dunbar-Johnson,Person,London,,
681,Noona Erba,Person,,,
682,Ben Elliot,Person,New York,Quintessentially,
683,Charlie Elingworth,Person,London,The Basement,
684,Amanda Elingworth,Person,London,The Basement,
685,Joe Coffey,Person,New York,,
686,Andrew Edwards,Person,London,,
687,Tracy Edwards,Person,London,,
688,Johnathan Elian,Person,Greenwich,,
689,Brian Elias,Person,,,
690,Elizabeth,Person,,,
691,Eric Ellenbogen,Person,New York,,
692,Gail Elliot,Person,New York,,
693,Anabel Elwes,Person,London,,
694,Ed Epstein,Person,New York,,
695,Jean-Marc Estlin,Person,Paris,,
696,Christina Estrada Juffali,Person,London,,
697,Johan Eliasch,Person,London,,
698,Amanda Eliasch,Person,London,,
699,Mandy Ellison,Person,Palm Beach,,
700,Ambassador Patrick Fairweather,Person,London,,
701,Hon. Rupert Fairfax,Person,Uffington,The Coach House,
702,Lady Maria Fairweather,Person,London,,
703,Frederic Fekkai,Person,New York,Federic Fekkai Beauty Center,
704,Danny Fakhre,Person,London,,
705,Christine Fakhre,Person,London,,
706,Catherine Fairweather,Person,London,,
707,Christina Fallah,Person,London,,
708,Jon Robe,Person,London,,
709,Olivier de Falletans,Person,London,,
710,Chris Evans,Person,,,
711,Angie Evehart,Person,,,
712,David Faber,Person,,,
713,Sally Faber,Person,Tetbury,,
714,Charlotte Faibairn,Person,London,,
715,Natasha Fairweather,Person,Moscow,,
716,Armado Fakhre,Person,London,,
717,Jasmine Fakhre,Person,London,,
718,Meredith Fall,Person,Paris,,
719,Mrs Fallah,Person,Paris,,
720,Pepe Fanjul,Person,,,
721,Fiona Feeley,Person,London,,
722,Hamish Fraser,Person,London,,
723,Brook Johnson,Person,Tetbury,,
724,Terence Faulkner,Person,,,
725,Cornelia Faulkner,Person,,,
726,Bryan Ferry,Person,London,Studio One,
727,Andrew Feldman,Person,,,
728,Helena Felix,Person,London,,
729,Hugo Ferranti,Person,London,,
730,Martin Fiennes,Person,London,,
731,Ralph Fiennes,Person,,,
732,Suzzana Fiennes,Person,New York,,
733,Chuck Fifer,Person,,,
734,Charlotte Figg,Person,Buckinghamshire,,
735,Christopher Figg,Person,Buckinghamshire,,
736,Charles Finch,Person,,,
737,Howard Finklestein,Person,,,
738,Dan Fisher,Person,New York,,
739,David Fell,Person,,,
740,Anne Fell,Person,,,
741,Leonardo Ferragamo,Person,Tavarnuzze,,
742,Beatrice Ferragamo,Person,Tavarnuzze,,
743,"Chris ""Kip"" Forbes",Person,New York,Forbes Magazine,
744,Richard Buckley,Person,,Gucci,
745,Tom Ford,Person,New York,Gucci,
746,Steve Forbes,Person,Bedminster,,
747,Sabine Forbes,Person,Bedminster,,
748,Francesco de la de la Garda,Person,Genoa,,
749,Mook Flick,Person,London,,
750,Astrid Forbes,Person,New York,,
751,Zandy Forbes,Person,,,
752,John Forman,Person,,,
753,Nicola Formby,Person,London,,
754,Andrew Fox,Person,,,
755,Violet Fraiser,Person,,,
756,Kathy Francey,Person,,,
757,Isabel Fraysse,Person,Paris,,
758,Mathew Freud,Person,,,
759,Rocco Forte,Person,London,,
760,Aliai Forte,Person,London,,
761,William Fox,Person,London,,
762,Lucinda Fox,Person,London,,
763,Mario Ganero Jr.,Person,,,
764,Lady Carina Frost,Person,London,,
765,Sir David Frost,Person,London,,
766,Harriett Gaul,Person,London,Percy Lodge,
767,Mariella Frostrup,Person,London,,
768,Teresa Fulhurst,Person,,,
769,Alexandra V. Furstenberg,Person,,,
770,Alex Furstenberg,Person,,,
771,Nina Furstenburg Buravelli,Person,Rome,,
772,Edwina Fyson,Person,London,,
773,Gelasio Gaetani,Person,Rome,,
774,Rufreido Gaetani,Person,,,
775,Kuki Gallmann,Person,Nairobi,,
776,Esteban Ganoza,Person,Lima,,
777,Ludmila Garcia,Person,Madrid,,
778,Adam Gardner,Person,,,
779,Michael Garland,Person,,,
780,Jeremy Garson,Person,,,
781,Nacho Gaspar,Person,Madrid,,
782,Tim Geary,Person,,,
783,Jack Gelardin,Person,London,,
784,Catriona German-Ribon,Person,,,
785,Cosmo Fry,Person,London,,
786,Amanda Fry,Person,London,,
787,Heinrich Furstenberg,Person,Holserberg,,
788,Milana Furstenberg,Person,Holserberg,,
789,Lady Gillford,Person,London,,
790,Lord Gillford,Person,London,,
791,Gary Ginsberg,Person,,News Corp,
792,Eric Gertler,Person,New York,Privista,
793,Ellen Goldberg,Person,,Santa Fe Institute,
794,Mark Getty,Person,,,
795,Emma Gibbs,Person,London,,
796,Caroline Gibson,Person,,,
797,Andrew Gilifilan,Person,Sandton,,
798,Andrew Gillmour,Person,,,
799,Emma Gillmour,Person,,,
800,Luca Giussani,Person,,,
801,Mary Glanville,Person,London,,
802,Charlie Glass,Person,,,
803,Sandy Golinkin,Person,New York,,
804,Thomas Gomez,Person,New York,,
805,Pia Getty,Person,New York,,
806,Chris Getty,Person,New York,,
807,Edmund Glentworth,Person,,,
808,Emily Glentworth,Person,,,
809,Pilar Goess,Person,,,
810,Prince Pavlos,Person,,,Crown Prince of Greece
811,Princess Marie-Claire,Person,,,Crown Princess of Greece
812,Princess Olga,Person,,,
813,Nina Griscom,Person,New York,,
814,Jacobo Gordon,Person,Madrid,CG Investments,
815,Francois Graff,Person,New York,Graff,
816,Jimmy Finkelstein,Person,New York,,
817,Juliet Gore,Person,London,,
818,Steve Gottlieb,Person,,,
819,Dimitry Goulandris,Person,,,
820,Lorenzo Grabau,Person,,,
821,David Granby,Person,London,,
822,Jacques Grange,Person,Paris,,
823,Jamie Grant,Person,,,
824,Deborah Green,Person,,,
825,Jeremy Green,Person,Cape Town,,
826,Judy Green,Person,New York,,
827,Natasha Grenfell,Person,London,,
828,Ted Griffen,Person,,,
829,William Gomme,Person,London,,
830,Emma Gomme,Person,London,,
831,Geordie Gregg,Person,London,,
832,Katherine Gregg,Person,London,,
833,Solina Guedroitz,Person,London,,
834,Nicolas Guedroitz,Person,London,,
835,Christian Gudefin,Person,,Deutsche Bank,
836,Lloyd Grossman,Person,,,
837,Marjorie Gubelmann,Person,New York,,
838,Tony Guccioni,Person,,,
839,Valesca Guerrand-Hermès,Person,New York,,
840,Cornelia Guest,Person,,,
841,Barbara Guggenheim,Person,Los Angeles,,
842,Bert Fields,Person,Los Angeles,,
843,Sabrina Guiness,Person,,,
844,Hugo Guinness,Person,London,,
845,Luca Guissaini,Person,,,
846,Ira Gumberg,Person,,,
847,Pippa Hall,Person,,,
848,Jen Halpern,Person,London,,
849,Clementine Hambro,Person,,,
850,George Hamilton,Person,Beverly Hills,,
851,Alessandro Guerini Maraldi,Person,London,,
852,Dr. Hahn,Person,Porto Rotondo,,
853,Mrs. Hahn,Person,Porto Rotondo,,
854,Hon. Robert Hanson,Person,Tetbury,,
855,Lady Hanson,Person,Chieveley,,
856,Lord Hanson,Person,Chieveley,,
857,Clare Hazell-Iveagh,Person,Norfolk,Elveden Farms Limited,
858,Susan Hearn,Person,Romford,Matchroom,
859,Barry Hearn,Person,Romford,Matchroom,
860,Craig Hatkoff,Person,New York,Victor Capital Group,
861,Jane Hatkoff,Person,New York,Victor Capital Group,
862,Marc de Hauteville,Person,,,
863,Dana Hammond,Person,New York,,
864,Sharon Handler,Person,New York,,
865,Brook Hanson,Person,London,,
866,Marie Hapsburg,Person,London,,
867,Victoria Harvey,Person,,,
868,Isabelle Harvie-Watt,Person,,,
869,Nick Haslam,Person,,,
870,Reggie Hayworth,Person,Burford,,
871,Ernst Hanover,Person,London,,
872,Chantal Hanover,Person,London,,
873,Henry Hay,Person,New York,,
874,Patricia Hay,Person,New York,,
875,Bob Hefner III,Person,,,
876,Annabel Heseltine,Person,,,
877,Jeff Hirsch,Person,New York,Photo Care,
878,Juan Herrero,Person,Madrid,,
879,Helen Herrero,Person,Madrid,,
880,Fredie Heineken,Person,Cap d'Antibes,,
881,Lisa Heiden,Person,New York,,
882,Marie Helvin,Person,,,
883,Jason Herbert,Person,,,
884,Rupert Heseltine,Person,,,
885,India Hicks,Person,Harbour Island,,
886,Anthony Hill,Person,London,,
887,Howard Himmelstein,Person,,,
888,Dustin Hoffman,Person,,,
889,Hetty Hoffman,Person,,,
890,Robert Hissom,Person,London,,
891,Andrea Hissom,Person,London,,
892,Tim Shifter,Person,New York,,
893,Helen Shifter,Person,New York,,
894,Robert Hersov,Person,London,,
895,Kim Hersov,Person,London,,
896,Mr. Heseltine,Person,Banbury,,
897,Mrs. Heseltine,Person,Banbury,,
898,Olga Hermes,Person,New York,,
899,Olaf Hermes,Person,New York,,
900,James Hollond,Person,London,European Financial Products Ld,
901,Bea Hollond,Person,London,European Financial Products Ld,
902,Shaunt Hovanian,Person,Red Bank,Hovanian Group,
903,Liz Hurley,Person,London,Simian Films,
904,Jon Huntsman,Person,Salt Lake City,,
905,Mary Kaye Huntsman,Person,Salt Lake City,,
906,Kit Hunter Gordon,Person,London,,
907,Georgina Hunter Gordon,Person,London,,
908,Jessica Hoffman,Person,Edgewater,,
909,Ben Holland-Martin,Person,London,,
910,Adam Horne,Person,London,,
911,Tierney Horne,Person,London,,
912,Nina Hovenian,Person,,,
913,Lucy Johnson Howgego,Person,,,
914,Peter Hsu,Person,,,
915,Laura Hunt,Person,New York,,
916,Carlyn Hunter,Person,London,,
917,Laurie Hunter,Person,London,,
918,Nick Hurd,Person,Reading,,
919,Kim Hurd,Person,Reading,,
920,Howard J. Kaplan,Person,Miami,,
921,Ivan Hymes,Person,,,
922,Robert J. Hurst,Person,New York,Goldman Sachs,
923,Ayla Hussain,Person,,Sundari,
924,Anne Hurst,Person,,,
925,Simon Hussey,Person,London,,
926,Henry Hutley,Person,London,,
927,Lauren Hutton,Person,,,
928,Inca,Person,New York,,
929,Charlie Ind,Person,London,,
930,Gerard Inzerillo,Person,New York,,
931,George Ireland,Person,London,,
932,Eddie Irvine,Person,,,
933,Chris Isham,Person,,,
934,Michael Jackson,Person,New York,,
935,Julian Jacobson,Person,,,
936,Mick Jagger,Person,,,
937,Edward Hutley,Person,Guildford,,
938,Lulu Hutley,Person,Guildford,,
939,Isamel Abdullah,Person,,,
940,Jake,Person,,,
941,Nick Jarecki,Person,New York,Falconwood Corporation,
942,Nancy Jarecki,Person,New York,hit the ground running films,
943,Andrew Jarecki,Person,New York,hit the ground running films,
944,Linda Janklow,Person,New York,Lincoln Center Theatre,
945,Hatti Jagger,Person,London,Percy Lodge,
946,Mohammed Jameel,Person,,,
947,Susie James,Person,London,,
948,Jason,Person,,,
949,Javier,Person,,,
950,Tim Jeffries,Person,London,,
951,Lucy Johnson,Person,London,,
952,Barry Josephson,Person,Hollywood,,
953,Jackie Josephson,Person,Hollywood,,
954,Kalliope Karella,Person,New York,,
955,Michael Rena,Person,New York,,
956,Ron Kastner,Person,,,
957,Robin Plant,Person,New York,,
958,Richard Johnson,Person,New York,,
959,Nadine Johnson,Person,New York,,
960,Mick Jones,Person,,,
961,Ann Jones,Person,,,
962,Bobby Kennedy Jr.,Person,Mount Kisco,,
963,Ted Kennedy Jr.,Person,Hyannisport,,
964,Senator Ted Kennedy,Person,Mclean,Senator of Massachusetts,
965,Amanda Keidan,Person,New York,Amanda Keidan Jewelry,
966,Leo-Arthur Kelmenson,Person,New York,"Bozell, Jacobs, Kenyonn, & Eckh..",
967,Gayl Kelmenson,Person,New York,"Bozell, Jacobs, Kenyonn, & Eckh..",
968,Governor Andrew Cuomo,Person,,,
969,Caroline Kellett Fraysse,Person,London,,
970,Mark Katzenellenbogen,Person,Cape Town,,
971,Sarah Keeling,Person,,,
972,Rory Kegan,Person,London,,
973,Jon Keidan,Person,,,
974,Georgie Keller,Person,,,
975,Mary Kennedy,Person,Mount Kisco,,
976,Ethel Kennedy,Person,Mclean,,
977,Jo Kennedy,Person,Brighton,,
978,Kerry Kennedy Cuomo,Person,Mclean,,
979,Sol Kersner,Person,Cape Town,,
980,Antoine Khayat,Person,London,,
981,Jana Khayat,Person,London,,
982,George Khayat,Person,London,,
983,Jemma Kidd,Person,,,
984,Abby King,Person,London,,
985,Dr. Henry A. Kissinger,Person,New York,,
986,Robert (Boby) A. Kotick,Person,,Activision,
987,Edward Lambert,Person,Greenwich,ESL Partners,
988,Lal Dalamal,Person,,,
989,Charlie Kirwan-Taylor,Person,London,,
990,Helen Kirwan-Taylor,Person,London,,
991,Peter Kirwan-Taylor,Person,,,
992,Caryn Krooth,Person,,,
993,Alistar Kudrow,Person,,,
994,Demetra Lalaunis,Person,New York,,
995,Christopher Lambert,Person,,,
996,David Lambert,Person,,,
997,Caroline Lang,Person,New York,,
998,Dieter Lange,Person,,,
999,Rupert de Klee,Person,London,,
1000,Charlotte de Klee,Person,London,,
1001,Duff Lambos,Person,,,
1002,John Lambos,Person,,,
1003,Johnathan Klesch,Person,,,
1004,David Koch,Person,,,
1005,Astrid Kohl,Person,Paris,,
1006,Philip Levine,Person,Miami Beach,Baron Corporation,
1007,Sloan Lindeman-Barnet,Person,,,
1008,Roger Lindeman-Barnet,Person,,,
1009,Laura Diez Barroso de Laviada,Person,,,
1010,Janet Larsen,Person,London,,
1011,Jonathan Laurie,Person,London,,
1012,Christopher Lawford,Person,Los Angeles,,
1013,Jean Lawford,Person,Los Angeles,,
1014,Paul Lawton,Person,,,
1015,Marie Lazar,Person,Presles,,
1016,Christophe Lazar,Person,Presles,,
1017,Jean-Yves Le Fur,Person,Paris,,
1018,Willie Le Marq,Person,New York,,
1019,Piers Lea,Person,London,,
1020,Jeffrey Leeds,Person,New York,,
1021,Jerry Lefcourt,Person,,,
1022,Dominick Lester,Person,New York,,
1023,Doug Liman,Person,,,
1024,Simon Le Bon,Person,London,,
1025,Jasmine Le Bon,Person,London,,
1026,Courtney Love,Person,Beverly Hills,,
1027,George Lindemann Sr.,Person,Palm Beach,,
1028,Robert LoCascio,Person,New York,"CEO, Live Wire",
1029,Guy J. Louthan,Person,,Highland Films,
1030,Carlo Mack,Person,Rochelle Park,The Mack Company,
1031,Early Mack,Person,Rochelle Park,The Mack Company,
1032,Eva Lorenzoti,Person,New York,Vivre,
1033,Adam Lindemann,Person,New York,,
1034,Elizabeth Lindemann,Person,New York,,
1035,Alex Lindsay,Person,London,,
1036,Jaclyn Lindsay,Person,London,,
1037,Ludovic Lindsey,Person,London,,
1038,Blake Lindsley,Person,Malibu,,
1039,David Linley,Person,,,
1040,Babis Liogos,Person,,,
1041,Paul Lister,Person,,,
1042,Arriette Livanos,Person,,,
1043,Alex Loeb,Person,New York,,
1044,Richard Lonsdale,Person,,,
1045,Mark Loyd,Person,London,,
1046,Mark Loyd,Person,London,,
1047,Colin Lucas,Person,,,
1048,Ivana Lowell,Person,New York,,
1049,Freida Lindemann,Person,Palm Beach,,
1050,John Lorimer,Person,London,,
1051,Lottie Lorimer,Person,London,,
1052,Eddie Mangope,Person,Buhrmansdrif,Las Arcadas Leopard Park,
1053,Ira C. Magaziner,Person,,SJS Advisors,
1054,Michael Mailer,Person,Brooklyn,,
1055,Tony Malkin,Person,Greenwich,,
1056,Lucy Manners,Person,London,,
1057,Jennifer Maguire,Person,New York,,
1058,Giovanni Mahler,Person,,,
1059,Sean Mahoney,Person,New York,,
1060,Josh Mailman,Person,,,
1061,Malenga Machel,Person,,,
1062,Marjorie Malina,Person,,,
1063,John Manconi,Person,London,,
1064,Peter Mandelson,Person,London,,
1065,Alessandro Manfredini,Person,London,,
1066,Eddie Manners,Person,London,,
1067,Philip Mallinckrodt,Person,London,,
1068,Dave Macmilan,Person,London,,
1069,Bella Macmilan,Person,London,,
1070,Harry Malek,Person,London,,
1071,Didi Malek,Person,London,,
1072,Shelly Malkin,Person,Greenwich,,
1073,Parisi Massimo,Person,,Baltic Models,
1074,Eric Margolis,Person,Toronto,Jamieson Laboratories,
1075,Matteo Marzotto,Person,,Valentino,
1076,Stephen Marks,Person,,,
1077,Alisa Marks,Person,,,
1078,Jose Luis Manzano,Person,,,
1079,Alejandra Manzano,Person,,,
1080,Terssa Manners,Person,London,,
1081,John Mappin,Person,London,,
1082,Jeremy Marsh,Person,Hampshire,,
1083,Astrid Marterier,Person,New York,,
1084,Peter Martins,Person,,,
1085,Christopher Mason,Person,New York,,
1086,Carolina Mattsson,Person,Gothenberg,,
1087,Carina Mavroleon,Person,,,
1088,Basil Mavroleon,Person,,,
1089,Caitlin Mavroleon,Person,,,
1090,Carlos Mavroleon,Person,,,
1091,Manilo Marocco,Person,London,,
1092,Pia Marocco,Person,London,,
1093,Kevin Maxwell,Person,Moulsford,"Telemonde, Inc.",
1094,Pandora Maxwell,Person,Moulsford,"Telemonde, Inc.",
1095,Nicholas Mavroleon,Person,,,
1096,Barbara Mavroleon,Person,,,
1097,Bluey Mavroleon,Person,Perray,,
1098,Christine Maxwell Malina,Person,Meyreuil,,
1099,Manoli Mavroleon,Person,London,,
1100,Debbie Maxwell,Person,,,
1101,E. Maxwell,Person,London,,
1102,Isabel Maxwell,Person,San Francisco,,
1103,Philip Maxwell,Person,London,,
1104,Mrs. Maxwell,Person,London,,
1105,Ian Maxwell,Person,London,,
1106,Tara Maxwell,Person,London,,
1107,Anne Maxwell,Person,London,,
1108,Laurens Holve,Person,London,,
1109,MC & Alienor,Unknown,Oxfordshire,,
1110,"Alistair McAlpine, Baron of West",Person,Venice,,
1111,Shannon Mclane,Person,,Cose Belle,
1112,Raymond McKenzie,Person,New York,Lazard Frères & Co,
1113,Todd Meister,Person,New York,The Regency Hotel,
1114,John Mayhew,Person,London,,
1115,Marcella Maxwell,Person,London,,
1116,Yassi Mazandi,Person,London,,
1117,Mateo Mazzoti,Person,,,
1118,Romilly McAlpine,Person,Venice,,
1119,John Mcdonald,Person,,,
1120,Anthony Mcfarland,Person,,,
1121,Cas Mclancy,Person,,,
1122,Neil Mendoza,Person,London,,
1123,Kate Menzies,Person,London,,
1124,Bruce Merivale-Austen,Person,London,,
1125,Guy Merison,Person,,,
1126,Caroline Merison,Person,,,
1127,Jock Mcleod,Person,London,,
1128,Pru Mcleod,Person,London,,
1129,Robin Metz,Person,,Nomi's,
1130,Justin Metcalfe,Person,Palm Beach,,
1131,Joane Metcalfe,Person,Palm Beach,,
1132,Melanie Metcalfe,Person,London,,
1133,Julian Metcalfe,Person,London,,
1134,Carrie Minot Bell,Person,,,
1135,Cico Moncada,Person,,,
1136,Jonathan Mermagon,Person,London,,
1137,Justin Metcalf,Person,,,
1138,Tony Meyer,Person,New York,,
1139,Gianluca Milani,Person,Milan,,
1140,Sarah Milford Haven,Person,London,,
1141,Nicole Miller,Person,New York,,
1142,Kim Taipale,Person,New York,,
1143,Cheryl Mills,Person,,,
1144,George Minot,Person,,,
1145,Susan Minot,Person,New York,,
1146,Kevin Mischer,Person,,,
1147,Daniela Modafferi,Person,Milan,,
1148,George Milford Haven,Person,Liphook,,
1149,Claire Milford Haven,Person,Liphook,,
1150,Fev Micklethwait,Person,London,,
1151,John Micklethwait,Person,London,,
1152,Gigi Mortimer,Person,New York,"Arden Asset Management, Inc.",
1153,Averell Mortimer,Person,New York,"Arden Asset Management, Inc.",
1154,Rosa Monckton,Person,East Sussex,Asprey & Garrard Ltd.,
1155,Stephen Morris,Person,New York,"Capital Advisors, Inc.",
1156,Rupert Murdoch,Person,,News Corp,
1157,Robert Morton,Person,,"Producer, Letterman",
1158,Nick Morris,Person,London,,
1159,Lucy Morris,Person,London,,
1160,Charlie Money Kyrle,Person,London,,
1161,Kit Money Kyrle,Person,London,,
1162,Geoffrey Moore,Person,London,,
1163,Cesar Montemayor,Person,,,
1164,Riccardo Monti,Person,,,
1165,Deborah Moore,Person,London,,
1166,Peter Morton,Person,,,
1167,Alan Mruvka,Person,,,
1168,Donald Munro,Person,,,
1169,Kate Murray Philipson,Person,,,
1170,Tertious Murray Threipland,Person,,,
1171,Claire Murray Threipland,Person,,,
1172,Jean Pierre Pierre Murray,Person,,,
1173,Julliet Moore,Person,New York,,
1174,Chris Moore,Person,New York,,
1175,Murray Philipson,Person,,,
1176,Mrs. Philipson,Person,,,
1177,Dott. M Jacope Nardi,Person,,,
1178,Hon. Thomas Noel,Person,London,,
1179,Harry Nuttall,Person,London,"Chairman, RNR International Ltd.",
1180,Emanuel Nadler,Person,,,
1181,Adam Nagel,Person,,,
1182,William Nagel,Person,,,
1183,Jelitza Negrete,Person,New York,,
1184,Andrew Neil,Person,London,,
1185,Hetty Newman,Person,London,,
1186,John Newman,Person,Wiltshire,,
1187,Clive Ng,Person,New York,,
1188,Constantine Niarchos,Person,New York,,
1189,Yoshi Nishio,Person,Los Angeles,,
1190,Alix Noel,Person,New York,,
1191,Vanessa Noel,Person,New York,,
1192,Cecilia Noha,Person,,,
1193,Tim Noonan,Person,,,
1194,Alex Nastasse,Person,New York,,
1195,Lile Nastasse,Person,New York,,
1196,William Nickerson,Person,London,,
1197,Jayne Nickerson,Person,London,,
1198,Beng Seng Ong,Person,London,Como Holdings,
1199,Christina Ong,Person,London,Como Holdings,
1200,Carletto O'Donnell,Person,London,,
1201,Laurie Oppenheim,Person,Paris,,
1202,Marella Oppenheim,Person,London,,
1203,Louis O'Neill,Person,New York,,
1204,Simon Oates,Person,,,
1205,Tom Oates,Person,London,,
1206,Yinka Ojora,Person,,,
1207,Camille Olsen,Person,,,
1208,Ralph Omar,Person,London,,
1209,Katie Vaughn-Edward Orchard,Person,Wiltshire,,
1210,Fabrice Orlando,Person,,,
1211,Rachel Osbourne,Person,London,,
1212,Beo Otto,Person,,,
1213,Edvige Otto,Person,,,
1214,William Oswald,Person,Herefordshire,,
1215,Arabella Oswald,Person,Herefordshire,,
1216,Tom Owen-Edmunds,Person,Monmouthshire,,
1217,Kate Owen-Edmunds,Person,Monmouthshire,,
1218,Joel Pashcow,Person,New York,Atlantic Realty Trust,
1219,Andrés Pastrana Arango,Person,Bogota,Former President of Colombia,
1220,James Palumbo,Person,London,,
1221,Christina Oxenberg,Person,New York,,
1222,Marc Yaggi,Person,New York,,
1223,Nicole Paini,Person,London,,
1224,Marcia Palau,Person,London,,
1225,Tara Palmer-Tomkinson,Person,,,
1226,Peter Palumbo,Person,London,,
1227,Jackie Parker,Person,,,
1228,Carolina Parsons,Person,,,
1229,Elise Paschen,Person,,,
1230,Stacey Pashcow Gardi,Person,New York,,
1231,Alan Patricof,Person,New York,,
1232,Susan Patricof,Person,New York,,
1233,John Paulson,Person,,,
1234,Cosima von Bülow Pavoncelli,Person,London,,
1235,Riccardo Pavoncelli,Person,,,
1236,Nader Panah-Izadi,Person,Paris,,
1237,Brigitte Panah-Izadi,Person,Paris,,
1238,Hon. Charles Pearson,Person,London,,
1239,Veronique Pittman,Person,,AOL Networks,
1240,Jane Pickering,Person,New York,AOL Networks,
1241,Lorenzo Pedrini,Person,,Next Model Agency,
1242,Ronald Perelman,Person,New York,Ravion,
1243,Robert Pittman,Person,,,
1244,William Pickering,Person,New York,,
1245,Linh Dan Pham,Person,New York,,
1246,Andrew Huntley,Person,New York,,
1247,Tito Pedrini,Person,,,
1248,Harlan Peitz,Person,New York,,
1249,Marcus Pekeler,Person,,,
1250,Mark Pennell,Person,,,
1251,Helsius Petangi,Person,,,
1252,Holly Peterson,Person,,,
1253,Riki Peterson,Person,,,
1254,Michael Picciotto,Person,,,
1255,Frederico Pignatelli,Person,New York,,
1256,Jean Pigozzi,Person,New York,,
1257,Olivier Picasso,Person,Paris,,
1258,Alice Picasso,Person,Paris,,
1259,Simon Pease,Person,Camforth,,
1260,Clem Pease,Person,Camforth,,
1261,Pliny Porter,Person,Beverly Hills,Fireworks Pictures,
1262,Meryl Poster,Person,New York,Miramax Films,
1263,Jeffrey Podolsky,Person,New York,"New York Editor, Tatler",
1264,Remi Porthault,Person,Paris,,
1265,Isabel Porthault,Person,Paris,,
1266,Sandy Pittman,Person,,,
1267,Richard Plepler,Person,New York,,
1268,George Polk,Person,,,
1269,Edoardo Polli,Person,Crespi d'Adda,,
1270,Clary Polu,Person,Paris,,
1271,Emmanuelle Polu,Person,,,
1272,Ivanisevic Porrin,Person,,,
1273,Emmanuele Porthault,Person,,,
1274,Pascal Porthault,Person,Paris,,
1275,Muffie Potter,Person,,,
1276,Electra Prestin,Person,,,
1277,Catherine Prevost,Person,,,
1278,Diane Plouvier,Person,Paris,,
1279,Denis Plouvier,Person,Paris,,
1280,Mr. Porthault,Person,Neuilly,,
1281,Mrs. Porthault,Person,Neuilly,,
1282,Isabelle Polu,Person,,,
1283,Rodney Propp,Person,,,
1284,Thomas Pritzker,Person,Chicago,,
1285,Charles H. Price II,Person,Kansas City,,
1286,Judy Price,Person,New York,Avenue,
1287,Nick Pritzker,Person,Chicago,Hyatt Development Corp.,
1288,Marc Puig,Person,Barcelona,Fashion Di,
1289,Laudomia Pucci,Person,Florence,,
1290,Taria Puig,Person,Barcelona,,
1291,Sonia Puopolo,Person,,,
1292,David Puttnam,Person,Malmesbury,,
1293,Chris Pymont,Person,London,,
1294,Alan Quartucci,Person,,,
1295,Topper Quinn,Person,,,
1296,Gavin Rankin,Person,London,,
1297,Nicholas Rachline,Person,,,
1298,Carole Radziwill,Person,New York,,
1299,Don Rappaport,Person,,,
1300,Isabel Rattazzi,Person,,,
1301,Kate Reardan,Person,London,,
1302,Michael Reynal,Person,,,
1303,Miquel Reynal,Person,Buenos Aires,,
1304,Ali Reza,Person,London,,
1305,Nick Ritblat,Person,London,,
1306,Deb Roberts,Person,,,
1307,Kasia Robinski,Person,London,,
1308,Jo Robinson,Person,London,,
1309,David Rocksavage,Person,,,
1310,Rupert Rittson-Thomas,Person,,,
1311,Lisa Shields,Person,London,,
1312,Rebecca Willis,Person,London,,
1313,Joseph Robert,Person,Mclaine,,
1314,Jill Robert,Person,Mclaine,,
1315,Edmondo di Maya Robilant,Person,London,,
1316,Gerald Ronson,Person,London,Carrington Chase,
1317,Charlie Rose,Person,New York,,
1318,Noreen Roth,Person,New York,Karbra Co.,
1319,Bill Roedy,Person,London,MTV Europe,
1320,Tania Rotherwick,Person,London,Orc Software Ltd.,
1321,Robin Rotherwick,Person,London,Orc Software Ltd.,
1322,Jane Rosenthal,Person,New York,Tribeca Productions,
1323,Amanda Burden,Person,New York,,
1324,Claudia Rosencrantz,Person,London,,
1325,Gall Rolfe,Person,London,,
1326,Lisa Ronson,Person,London,,
1327,Donald Rosenfeld,Person,New York,,
1328,Rob Rosenstein,Person,,,
1329,Hannah Rothchild,Person,London,,
1330,Jessica Rothchild,Person,,,
1331,Rich Rothenburg,Person,,,
1332,Wendy Rose,Person,,,
1333,Jo Rose,Person,,,
1334,Denis Rosen,Person,London,,
1335,Sylvia Rosen,Person,London,,
1336,Andrew Rosen,Person,,,
1337,Natalie Rucellai,Person,,,
1338,Wayne Safro,Person,,,
1339,Duchess Rutland,Person,Lincolnshire,,
1340,Duke Rutland,Person,Lincolnshire,,
1341,Hon. Lucinda Royle,Person,London,,
1342,Marina Rust,Person,New York,,
1343,Ian Rust,Person,New York,,
1344,Evelyn de Rothschild,Person,London,,
1345,Jamie Sainsbury,Person,London,,
1346,Nicholas Ryder,Person,London,,
1347,Caroline Roumugere,Person,,,
1348,Della Rudnick,Person,,,
1349,Michelle Russel,Person,New York,,
1350,Tim Rustow,Person,,,
1351,Amy Sacco,Person,,,
1352,Jeffrey Sachs,Person,,,
1353,Edmund Saffra,Person,,,
1354,Wafic Said,Person,,,
1355,Eric Salama,Person,,,
1356,Eric Ruttenberg,Person,New York,,
1357,Perri Ruttenberg,Person,New York,,
1358,Prince Salman,Person,,,
1359,Mia Samuels,Person,,ABC Prime Time,
1360,Helen Schifter,Person,New York,,
1361,Tim Schifter,Person,New York,,
1362,Ben Sangster,Person,London,,
1363,Isabel de de Sejournet,Person,London,,
1364,Julio Mario Santo Domingo,Person,Geneva,,
1365,Elizabeth Saltzman,Person,London,,
1366,Randall Scerbo,Person,New York,,
1367,Brenda Schad,Person,,,
1368,Gianmarco Schiatti,Person,,,
1369,Christine Seilern,Person,New York,,
1370,Benny Shabtai,Person,,,
1371,Brenda Shad,Person,,,
1372,Andre Shearer,Person,,,
1373,Angie Shearer,Person,,,
1374,Chris Shore,Person,New York,,
1375,Maura Shore,Person,New York,,
1376,Bobby Shriver,Person,New York,,
1377,Maria Shriver,Person,,,
1378,Jon Sandelmar,Person,,,
1379,Corrie Sandelmar,Person,,,
1380,Guy Sangster,Person,London,,
1381,Fi Sangster,Person,London,,
1382,Simon Sebag Montefiroe,Person,,,
1383,Santa Montefiroe,Person,,,
1384,Rupert Soames,Person,,Bank Misys,
1385,Milly Soames,Person,,Bank Misys,
1386,James Smith,Person,Nottinghamshire,Aegis Trust,
1387,Bren Simon,Person,Carmel,"MBS Associates, LLC",
1388,Rena Kirdar Sindi,Person,New York,,
1389,Sami Sindi,Person,New York,,
1390,Smith Osborne,Person,London,,
1391,Susie Shuster,Person,,,
1392,Peggy Siegal,Person,New York,,
1393,William Sieghart,Person,London,,
1394,Ron Silver,Person,,,
1395,Henry Silverman,Person,New York,,
1396,Henry Silverman,Person,New York,,
1397,Nancy Silverman,Person,New York,,
1398,Nancy Silverman,Person,New York,,
1399,Bobby Slayton,Person,,,
1400,Noona Smith Peterson,Person,,,
1401,Maria Snyder,Person,New York,,
1402,William (Bill) Siegel,Person,New York,,
1403,Peter Soros,Person,London,,
1404,Andrew Solomon,Person,New York,The New York Times,
1405,Kevin Spacey,Person,Los Angeles,Trigger Street Productions,
1406,Carlos Souza,Person,,Valentino,
1407,Rick Stengel,Person,New York,,
1408,Mary Stengel,Person,New York,,
1409,Hamilton South,Person,,,
1410,Hugo Squire,Person,London,,
1411,Edward St. Bris,Person,Paris,,
1412,Carolina Stanburry,Person,,,
1413,Thomas Starzewski,Person,London,,
1414,Chris Steenkamp,Person,,,
1415,Jeffrey Steiner,Person,,,
1416,Chris Steinkampf,Person,Cape Province,,
1417,Nina Steinkampf,Person,Cape Province,,
1418,Andrew Stengel,Person,New York,,
1419,Jaime de Soto,Person,London,,
1420,Marina de Soto,Person,London,,
1421,Koo Stark,Person,,,
1422,Esperanza Sobrino,Person,New York,Acquavella Galleries,
1423,Taki,Unknown,London,,
1424,Sir David Tang,Person,London,DWC Tang Development Ltd,
1425,Karim Tabet,Person,New York,,
1426,Christina Tabet,Person,New York,,
1427,Paul Taaffe,Person,,Hill & Knowlton,
1428,Lucy Ewen Sykes,Person,,,
1429,James Sunley,Person,London,,
1430,Amanda Sunley,Person,London,,
1431,Michael Stevens,Person,,,
1432,Charlie Stopford-Sackville,Person,London,,
1433,Shona McKinney,Person,London,,
1434,Kate Stracher,Person,,,
1435,Stuart Sundlun,Person,New York,,
1436,Harry Sutherland,Person,,,
1437,Peter Svenlinson,Person,London,,
1438,Hugo Swire,Person,London,,
1439,Jenny Swire,Person,,,
1440,Mark Swire,Person,London,,
1441,Sophie Swire,Person,London,,
1442,Simon Talbot Williams,Person,London,,
1443,Leonard Stern,Person,New York,,
1444,Allison Stern,Person,New York,,
1445,Baroness Francesca Theilmann,Person,,,
1446,Eduardo Teodorani-Fabbri,Person,Lake Forest,CNH Global N.V.,
1447,Julie Taymor,Person,New York,Loh Inc. & Zarathustra Music,
1448,Eliot Taymor,Person,New York,Loh Inc. & Zarathustra Music,
1449,Harry Tennenbaum,Person,,,
1450,Billy Tavoulareas,Person,London,,
1451,Nicket Tavoulareas,Person,London,,
1452,Rupert Tate,Person,London,,
1453,Alfred Taubman,Person,Bloomfield Hills,,
1454,Bobby Taubman,Person,,,
1455,Peter Tavoulareas,Person,London,,
1456,Emmy Tayler,Person,West Hollywood,,
1457,Felicia Taylor,Person,New York,,
1458,Pamela Taylor,Person,,,
1459,Sebastian Taylor,Person,London,,
1460,Veronica Toub,Person,New York,,
1461,Anne Tish,Person,New York,Regency Hotel,
1462,Andrew Tish,Person,New York,Regency Hotel,
1463,Alvarez de Toledo Ignacio,Person,,,
1464,Syrie Tollman,Person,New York,,
1465,Gavin Tollman,Person,New York,,
1466,Merryl Tisch,Person,New York,,
1467,Jimmy Tisch,Person,New York,,
1468,Emily Todhunter Olympitis,Person,London,,
1469,Catherine Theodoli,Person,,,
1470,Moegens Tholstrup,Person,London,,
1471,Paola Tholstrup,Person,London,,
1472,David Tisch,Person,,,
1473,Sonia Titopupolo,Person,,,
1474,Bea Tollman,Person,,,
1475,Brett Tollman,Person,New York,,
1476,Wyne Tollman,Person,New York,,
1477,Philip Treacy,Person,London,,
1478,Ivana Trump,Person,,,
1479,Ivanka Trump,Person,,,
1480,Barnaby Thompson,Person,,,
1481,William Van Straubenzee,Entity,London,,
1482,Governor Charles Turnbull,Person,Virgin Islands,,"Governor, USVI"
1483,Carmine S. Villani,Person,,Milestone Capital LTD,
1484,Iraj Vahabzadeh,Person,New York,,
1485,Linda Vahabzadeh,Person,New York,,
1486,Emanuele A. A Vittadini,Person,Paris,,
1487,Miles Creswell Turner,Person,London,,
1488,Chris Tucker,Person,,,
1489,Christy Turlington,Person,New York,,
1490,Jenny Turner,Person,London,,
1491,Jorge Urbiola,Person,,,
1492,Martín Varsavsky,Person,,,
1493,Patricia Velasquez,Person,,,
1494,Julla Verdin,Person,Los Angeles,,
1495,Jane Veronis,Person,New York,,
1496,Jacques Villeneuve,Person,,,
1497,Francesca (Chessy) Tyssen,Person,,,
1498,Jean Paul Mulot,Person,Paris,,
1499,Anne Verdin Mulot,Person,Paris,,
1500,Dott. Marco Vittorelli,Person,Milan,,
1501,Mike Wallace,Person,New York,60 Minutes - CBS,
1502,Sophie Van Van Hauen,Person,London,Charlotte Morgan,
1503,Bettina Von Hase,Person,London,Nine AM Limited,
1504,David Wassong,Person,New York,Soros Private Equity Partners,
1505,Sami Waksal,Person,New York,,
1506,Mandy Warnford-Davis,Person,London,,
1507,Charles Vivian Smith,Person,London,,
1508,Martine Vittoz,Person,,,
1509,Patrick Vittoz,Person,Stockport,,
1510,Vonnic Vittoz,Person,,,
1511,Francesca Von Habsburg,Person,,,
1512,Eric Wachtmeister,Person,New York,,
1513,David Wagner,Person,,,
1514,Rupert Wainright,Person,,,
1515,Barbara Walters,Person,New York,,
1516,Kevin Ward,Person,,,
1517,Ozzie Warner,Person,,,
1518,Casey Wasserman,Person,Beverly Hills,,
1519,Laura Wasserman,Person,Beverly Hills,,
1520,Lady Anouska Weinberg,Person,,,
1521,Lady Victoria White O'Gara,Person,Bellevue,,
1522,Lord George Weidenfeld,Person,London,,
1523,Sir Mark Weinberg,Person,,,
1524,Jason Weinberg,Person,New York,Untitled Entertainment,
1525,Jim Wial,Person,,William Morrison Agency,
1526,Lionel Wigram,Person,Beverly Hills,,
1527,Lydia Wigram,Person,Beverly Hills,,
1528,Lally Weymouth,Person,,,
1529,Felicity Waterman,Person,Los Angeles,,
1530,Victoria Watson,Person,London,,
1531,Veronica Webb,Person,London,,
1532,Bob Weinstein,Person,,,
1533,Harriet Weintraub,Person,New York,,
1534,Ruth Westheimer,Person,,,
1535,Michael White,Person,,,
1536,Somers White,Person,New York,,
1537,Victoria White,Person,,,
1538,Alan Whitworth,Person,Cambridge,,
1539,Wendy Whitworth,Person,Cambridge,,
1540,Alexandra Williams,Person,Banbury,,
1541,Nick Williams,Person,Banbury,,
1542,Marchioness Tracy Worcester,Person,London,,
1543,Marquis Bunter Worcester,Person,London,,
1544,George Whipple,Person,,Fox,
1545,Shaun Woodward,Person,London,,
1546,Camilla Woodward,Person,London,,
1547,Steve Wyatt,Person,Waterford,,
1548,Cate Wyatt,Person,Waterford,,
1549,Tim Windsor-Taylor,Person,London,,
1550,Helen Windsor-Taylor,Person,London,,
1551,Alex Wilmot-Sitwell,Person,London,,
1552,Fi Wilmot-Sitwell,Person,London,,
1553,Carter Wilson,Person,New York,,
1554,Manfred Windisch-Graetz,Person,,,
1555,Elizabeth Winston,Person,Kenney,,
1556,Carol Wolper,Person,Los Angeles,,
1557,Andy Wong,Person,,,
1558,Theodore Wong,Person,London,,
1559,Trinny Woodall,Person,London,,
1560,Alexa Woodward,Person,,,
1561,Jim Wyatt,Person,,,
1562,Steve Wynn,Person,,,
1563,Mai Yamani,Person,London,,
1564,Emily Woods,Person,,,
1565,Carrie Woods,Person,,,
1566,David Williams-Ellis,Person,London,,
1567,Serena Williams-Ellis,Person,London,,
1568,Prince Michel of Yugoslavia,Person,New York,Access International Advisors,
1569,Prince Dimitri of Yugoslavia,Person,New York,Phillips de Pury & Luxembourg,
1570,Prince Serge of Yugoslavia,Person,,,
1571,Ryan Dionne,Person,New York,,301 East 66th Street
1572,Scott Geffert,Person,Glen Rock,,
1573,Gordon Zacks,Person,,R.G. Barry Corp,
1574,Paige Zangrillo,Person,Aspen,,
1575,Bob Zangrillo,Person,Aspen,,
1576,Dino Zevi,Person,London,,
1577,Rosi Zevi,Person,London,,
1578,Tracy Younger,Person,,,
1579,Greg Lee,Person,,,
1580,Andrew (piggy) Yates,Person,,,
1581,Toby Young,Person,London,,
1582,Alexi Zales,Person,,,
1583,Waleed Zawauri,Person,London,,
1584,Bibi Zecher,Person,,,
1585,Adrian Zecher,Person,,,
1586,Mark Zeff,Person,,,
1587,John Zeiler,Person,New York,,
1588,Yariv Zghoul,Person,,,
1589,Bettina Zilkha,Person,New York,,
1590,Brian Zipp,Person,New York,,
1591,Florina Rueda,Person,New York,,
1592,Joseph Rueda,Person,New York,,
1593,Sarah Kellen,Person,New York,,
1594,Bel Air Hotel,Entity,Los Angeles,"General Manager, Bel Air Hotel",
1595,Police (19th precinct),Entity,,,
1596,Kinney Garage,Entity,New York,,
1597,Arizona,Entity,New York,,
1598,Aspen Club,Entity,,,
1599,Au Bar,Entity,New York,,
1600,Avis International,Entity,,,
1601,Beverly Hills Hotel,Entity,Los Angeles,,
1602,Andrea Mitrovich,Person,New York,,
1603,Brian Kelly,Person,Putnam Valley,,
1604,Beverly Wilshire,Entity,Beverly Hills,,
1605,Bice,Entity,New York,,
1606,Bilboquet,Entity,New York,,
1607,Bond Street,Entity,New York,,
1608,Carlyle,Entity,New York,,
1609,Christies - New York,Entity,New York,,
1610,Cipriani Downtown,Entity,New York,,
1611,Coffee Shop,Entity,New York,,
1612,Dawat Haute Cuisine of India,Entity,New York,,
1613,Delmonico's,Entity,New York,,
1614,Doyle's,Entity,New York,,
1615,Electrolysis,Entity,,,
1616,Elio's Restaurant,Entity,New York,,
1617,Essex House,Entity,New York,,
1618,Estia,Entity,New York,,
1619,Four Seasons Hotel,Entity,New York,,
1620,Four Seasons Restaurant,Entity,New York,,
1621,Exercise - New York,Misc,,,
1622,Henry Meer,Person,,,
1623,Gibby Cohen,Person,New York,Polygym,
1624,Elaine,Person,New York,,
1625,Myers of Keswick,Entity,,,
1626,Shoe Service Plus,Entity,New York,,
1627,Opia,Entity,New York,,
1628,Peninsula Hotel,Entity,Los Angeles,,
1629,Peninsula Hotel,Entity,New York,,
1630,Plaza,Entity,New York,,
1631,Plaza Athenee Hotel,Entity,New York,,
1632,Province Restaurant,Entity,New York,,
1633,The Ritz-Carlton Hotel,Entity,New York,,
1634,Royalton,Entity,New York,,
1635,Sette Mezzo,Entity,New York,,
1636,Shutters on the Beach,Entity,Santa Monica,,
1637,Sotheby's,Entity,New York,,
1638,St Regis Hotel,Entity,New York,,
1639,Stanhope Hotel,Entity,New York,,
1640,Sunset Marquee,Entity,,,
1641,Tao Restaurant,Entity,New York,,
1642,"Taylor, The",Entity,New York,,
1643,The Great American Health Bar,Entity,New York,,
1644,The Lowell,Entity,New York,,
1645,The Westbury,Entity,New York,,
1646,Nicolas,Person,,,
1647,Riccardo,Person,,,
1648,Tribeca Grill,Entity,New York,,
1649,Two Bunch Palm,Entity,,,
1650,Waldorf Astoria,Entity,New York,,
1651,Westbury Hotel,Entity,New York,,
1652,Annabels,Entity,,,
1653,Aspinals,Entity,,,
1654,Bibendum,Entity,,,
1655,Clermont Club,Entity,,,
1656,Daphne,Entity,,,
1657,Foxtrot Oscar,Entity,,,
1658,Harrys Bar,Entity,,,
1659,Marks Club,Entity,,,
1660,Nam long,Entity,,,
1661,Nikitas,Entity,,,
1662,Patisserie Valerie,Entity,,,
1663,San Lorezo,Entity,,,
1664,Scalinis,Entity,,,
1665,Tramp,Entity,,,
1666,Bear Stearns,Entity,New York,,
1667,Centurion,Entity,,,
1668,Chemical Bank,Entity,New York,,
1669,Tickets for shows and games,Misc,,,
1670,Mario Ganero Sr.,Person,Sao Paulo,Brasilinvest,
1671,Cecilia Szajman,Person,Brazil,,
1672,Colonial Bank,Entity,Palm Beach,,
1673,PB National,Entity,Palm Beach,,
1674,NatWest Bank,Entity,Oxford,,
1675,ATT Acess,Entity,,,
1676,Bristol Hotel,Entity,,,
1677,Bristol Hotel,Entity,,,
1678,Cab Blue,Entity,,,
1679,Cabaret (night club),Entity,,,
1680,Car rental,Entity,Saint-Tropez,,
1681,Chateau de la Messardier,Entity,,,
1682,Chez Denise,Entity,Paris,,
1683,Chez L'Ami Louis,Entity,,,
1684,Hotel Crilion,Entity,,,
1685,Hotel Raffael,Entity,,,
1686,L'Ami Jean,Entity,,,
1687,L'arc,Entity,,,
1688,L'Arpege,Entity,,,
1689,La Merlot,Entity,,,
1690,La Poste,Entity,,,
1691,Le Telegraphe,Entity,,,
1692,Le Voltaire,Entity,,,
1693,Maid,Misc,,,
1694,Massage - Paris,Misc,,,
1695,Lawyers,Misc,,,
1696,Marie Joseph Experton,Person,Brussels,Berlioz & Co.,
1697,Gerard,Person,,,
1698,Philippe Junot,Person,New York,,
1699,Betty Lagardere,Person,Paris,,
1700,Valdson Vieira circled,Person,Paris,,
1701,Plaza Athenee,Entity,Paris,,
1702,Restaurant-takeouts,Entity,Paris,,
1703,Restaurants,Entity,,,
1704,The Ritz-Carlton Hotel,Entity,Paris,,
1705,River Cafe,Entity,Paris,,
1706,Tante Louise,Entity,Paris,,
1707,Taxi Bleus,Entity,,,
1708,Taxis,Entity,,,
1709,Berkeley Hotel,Entity,,,
1710,Cynthia Ott,Person,Paris,,
1711,Claude Ott,Person,Paris,,
1712,Mr. Miele,Person,,,
1713,Mrs. Miele,Person,,,
1714,Alberto Pinto,Person,Paris,,
1715,Blakes,Entity,,,
1716,Carlton Tower,Entity,,,
1717,Cliveden House,Entity,,,
1718,Connaught,Entity,,,
1719,Dorchester,Entity,,,
1720,Lanesborough Hotel,Entity,,,
1721,Savoy,Entity,,,
1722,The Barcley Hotel,Entity,,,
1723,Waterside Inn,Entity,,,
1724,Air Center Helicopter,Entity,,,
1725,Christopher Taxi,Entity,,,
1726,Madison Cox,Person,New York,"Madison Cox Design, Inc.",
1727,Paul Hoffman,Person,St. Thomas,"Paul Hoffman, P.C.",
1728,Jeffrey Epstein,Person,Little St. James,,
1729,301 East 66th St.,Misc,New York,,
1730,Tropical Shipping,Entity,St. Thomas,,
1731,Water Taxi,Entity,,,
1732,Hyatt,Entity,Jerusalem,,
1733,Massage A - Island,Misc,,,
1734,Train Info,Misc,,,
1735,Theresa Roberts,Person,St. Thomas,architect,
1736,Avi Gil,Person,,,
1737,Evani Duud Efrat,Person,,,
1738,Elisa Eshed,Person,,,
1739,Brian Moseley,Person,,,
1740,Yakhof Neima,Person,Jerusalem,,
1741,Ehud Olmert,Person,,,
1742,Carlos Sanchez,Person,Granada,,
1743,Torne di Pisa,Person,,,
1744,Arik Gutman,Person,,,
1745,Ehud Barak,Person,,"Barak & Associates, LLC",
1746,Prince Bandar bin Sultan,Person,Aspen,,
1747,Frederick (Fred) Adler,Person,New York,Fulbright & Jawokski,
1748,Cath Adler,Person,New York,Fulbright & Jawokski,
1749,Tom Barrack,Person,Los Angeles,Colony Capital,
1750,Jon Bannenberg,Person,London,Jon Bannenberg Limited,
1751,Ali,Person,,,
1752,Michelle Campos,Person,Bronx,,
1753,Buckingham Research Group,Entity,New York,,
1754,"Butler Aviation, Newark",Entity,Newark,,
1755,Leon Black,Person,New York,Apollo Management LP,
1756,Jerry Beck,Person,New Albany,"The Limited, Inc.",
1757,David Borden,Person,Boston,Victoria International Corp,
1758,Albert Benamou,Person,Paris,,
1759,Sophie Biddle Hakim,Person,New York,,
1760,Nadia Bjorlin,Person,Newport,,
1761,Alan Dershowitz,Person,Chilmark,,
1762,EPSTEIN- PORTABLES,Person,,,
1763,Dr. Gerald Edelman,Person,San Diego,Neurosciences Research,
1764,Silas Chou,Person,London,,
1765,Catherine Derby,Person,New York,,
1766,Don Engle,Person,New York,,
1767,Federal Express,Entity,,,
1768,Andrew Farkas,Person,New York,Island Capital,
1769,Mark Epstein,Person,New York,"IZMO Family of Companies, Inc.",
1770,Jonathan D. Farkas,Person,New York,Live Oak Realty Corp.,
1771,Murray Gell-Mann,Person,Sante Fe,Santa Fe Institute,
1772,Taylor Foster,Person,,,
1773,Howard Glick,Person,Washington,Adam's Bookstore,
1774,Margaret Hedberg,Person,New York,Hirschel & Adler Art Gallery,
1775,Joey Hunter,Person,New York,Modelwire,
1776,Bob Gold,Person,Westport,,
1777,Vicki Gray,Person,Washington,,
1778,Svetlana Griaznove,Person,New York,,
1779,Eileen Guggenheim,Person,New York,,
1780,Jalila Hashemi,Person,London,,
1781,Darren Indyke,Person,Livingston,,
1782,Harold Mollin,Person,,,
1783,Insurance Office of Central OH,Entity,Columbus,,
1784,Dr. Henry Jarecki,Person,New York,Falconwood Corporation,
1785,Senator John Kerry,Person,New York,Senator,
1786,Steve Kosslyn,Person,Cambridge,Harvard University,
1787,Jack Kessler,Person,,New Albany Company,
1788,Walter Isaacson,Person,,Time Magazine,
1789,"Elizabeth ""Libet"" Johnson",Person,,Trump International Hotel,
1790,Kristina Kincaid,Person,,Victoria's Secret,
1791,Randy James,Person,,,
1792,Randy James,Person,,,
1793,Mylene Jampanoi,Person,Paris,,
1794,Lily Johnson,Person,,,
1795,Gloria Jarecki,Person,Rye,,
1796,Pamela Johananoff,Person,Paris,,
1797,Cindy Buklarewicz Lopez,Person,New York,Karin Models,
1798,Mast Industries,Entity,Hong Kong,Mast Industries,
1799,Nick Leese,Person,,House of Orient PTE Ltd,
1800,Marc Lundberg,Person,New Albany,"N.A. Property, Inc.",
1801,Thomas C. McMillen,Person,Landover,The Risk Group,
1802,Melinda Luntz,Person,New York,,
1803,Adam Perry Lang,Person,New York,,
1804,"N.A. Property, Inc.",Entity,New Albany,,
1805,Senator George Mitchell,Person,Washington,"Piper, Rudnick",
1806,Robert Meister,Person,New York,Aon-Rollins Hudig Hall,
1807,Nathan Myhrvold,Person,Bellevue,Intellectual Ventures,
1808,Marvin Minsky,Person,Cambridge,Massachusetts Institute of Technology,
1809,Jerry Merrit,Person,,,
1810,Mark Middleton,Person,Little Rock,,
1811,Larry Morrison,Person,Wellington,,
1812,Timothy W. Newcombe,Person,Columbus,Newcombe Electronic Systems,
1813,Hyperion Air,Entity,West Palm Beach,,
1814,JEGE LLC,Entity,West Palm Beach,,
1815,"Larry Newman, Esq.",Person,New York,,
1816,Lisa Phillips,Person,New York,,
1817,Pete,Person,,,
1818,Bob Oatman,Person,Towson,"R.L. Oatman & Associates, Inc.",
1819,Michael Ovitz,Person,Beverly Hills,Artist Management Group,
1820,Martin Nowak,Person,Lincoln,Harvard University,
1821,Selma Ouertani,Person,Paris,,
1822,Joe Pagano,Person,Aspen,,
1823,Itzhak Perlman,Person,New York,,
1824,Roxton Sporting,Entity,,,
1825,Dr. Oliver Sacks,Person,New York,,
1826,Lewis Ranieri,Person,Merrick,"Ranieri & Co., Inc.",
1827,David Rockefeller,Person,New York,Rockefeller Financial Services,
1828,David Ross,Person,San Francisco,San Francisco Museum of Modern Art,
1829,Thomas H. Quinn,Person,Washington,Venable law firm,
1830,Dara Preece,Person,West Palm Beach,,
1831,Ed Razek,Person,Columbus,,
1832,Stan Schaeffer,Person,New York,,
1833,Caroline Stark,Person,Miami Beach,,
1834,Douglas A. Schoettle,Person,New York,,
1835,Ann Stock,Person,Washington,The White House,
1836,Warren Spector,Person,New York,Bear Stearns,
1837,Lawrence S. Stroll,Person,New York,"Chairman, AIHL Investment Group",
1838,Richard Snyder,Person,New York,Golden Books Family Entertainment,
1839,Laura Yorke,Person,New York,Golden Books Family Entertainment,
1840,Jes Staley,Person,New York,JP Morgan,
1841,Jeffrey Schantz,Person,Hewlett Bay Park,,
1842,Monty Shadow,Person,San Nazzaro Sesia,,
1843,David Shaeffer,Person,,,
1844,Melissa Solomon,Person,Plano,,
1845,Dottie Sowell,Person,New York,,
1846,Kim Steel,Person,,,
1847,Andrew Stein,Person,,,
1848,Linda Stone,Person,Bellevue,,
1849,Larry Visoski,Person,Singer Island,,
1850,UPS,Entity,,,
1851,Francis Wahl,Person,Geneva,Bernheim Haiperian Ming Ducret,
1852,Craig Tafoya,Person,Fort Lauderdale,Fraser Yachts,
1853,Larry Tobiason,Person,Winchester,Lawrence F. Tobiason Assoc.,
1854,Marty Trust,Person,Palm Beach,Mast Industries,
1855,Bob Trossle,Person,,Miller & Raved,
1856,Steve Tuckerman,Person,New Albany,Tuckerman Optical Co.,
1857,Linda Wachner,Person,New York,Warnaco Inc.,
1858,Peg Ugland,Person,Dublin,,
1859,Wexner - Abigail Plantation,Entity,Albany,,
1860,Wexner - Flight Dept.,Entity,Columbus,,
1861,The White House,Entity,Washington,,
1862,Herb Wolman,Person,Bexley,Insurance Office Central Ohio,
1863,Vera Wang,Person,New York,"Vera Wang Bridal House, Ltd.",
1864,Cristalle Wasche,Person,New York,,
1865,Jim Whitehead,Person,,,
1866,Alexia Wallaert,Person,Paris,,
1867,Rosalyn (Lynn) Fontanilla,Person,New York,,
1868,"Luciano ""Jojo"" Fontanilla",Person,New York,,
1869,Tom Sawyers,Person,Frenchtown,,
1870,Pat Sawyers,Person,Frenchtown,,
1871,Graces Marketplace,Entity,New York,,
1872,Gary Baura,Person,New York,,
1873,Mort Zuckerman,Person,New York,Boston Properties,
1874,Charles Miller,Person,Croton on Hudson,Miller & Raved,
1875,Magali Blachon,Person,Toulouse,,
1876,Steve Gaston,Person,New York,,
1877,Sue Hamblin,Person,Cape Town,,
1878,Brent Tindall,Person,New York,,
1879,Richard Barnett,Person,Port Washington,,
1880,Isi Entwistle,Unknown,,,
1881,Chelsea Police Station,Entity,,,
1882,Hair Assocs,Entity,,,
1883,Harrods Limited,Entity,,,
1884,Harvey Nichols,Entity,,,
1885,Holland & Holland,Entity,,,
1886,Jackston Stops,Entity,,,
1887,John Hobbs Ltd.,Entity,London,,
1888,John Hobbs Ltd.,Entity,London,,
1889,La Famiglia,Entity,,,
1890,Minicabs,Entity,,,
1891,Nags Head,Entity,,,
1892,Oping,Entity,,,
1893,Police 24 hours,Entity,,,
1894,Range Rover,Entity,,,
1895,Muthaiga Club,Entity,,,
1896,Massage - UK (a),Misc,,,
1897,Airport Transfers,Misc,,,
1898,Drivers,Misc,,,
1899,Debbie Stewart,Person,,Grosvenor Estate,
1900,Tim Martin,Person,,Grosvenor Estate,
1901,Ray John,Person,,,
1902,Charlie,Person,,,
1903,"Coles, Alan",Person,,,
1904,Martine,Person,,,
1905,Nessa O'Neil,Person,,,
1906,Anthony Outred,Person,London,,
1907,Lister Hospital,Entity,,,
1908,Medical,Entity,,,
1909,MedLink Emergency,Entity,,,
1910,Stitchcraft,Entity,,,
1911,Unlisted London,Entity,,,
1912,Ear coning,Misc,New York,,
1913,Dr. Ray,Person,,,
1914,Dr. Kashel,Person,,,
1915,Dr. Burman,Person,,,
1916,Dr. Birnbaum,Person,New York,,
1917,Dr. Bruno,Person,New York,,
1918,Dr. Farkus,Person,New York,,
1919,Dr. Schimoni,Person,,,
1920,Dr. JR Gaynor,Person,London,,
1921,Dr. Magnani,Person,New York,,
1922,Dr. Michael Krumholtz,Person,New York,,
1923,Dr. Lee,Person,,,
1924,"Susan Kent, DVM",Person,New York,Park East Animal Hospital,
1925,Dean Calakos,Person,New York,,
1926,Bruce Cope,Person,London,,
1927,Maxine Tobias,Person,,,
1928,Yara,Person,,,
1929,Ishmail,Person,New York,,
1930,J Meltzer,Person,,,
1931,Bruce Moskowitz,Person,,,
1932,Francis Peadon,Person,Palm Beach,,
1933,Christophe Gaie,Person,Boynton Beach,,
1934,Babor,Unknown,,,
1935,The Breakers,Entity,Palm Beach,,
1936,Creative Custom Swimwear,Entity,Jupiter,,
1937,Oxford Heath Plans,Entity,,,
1938,Prudential,Entity,,,
1939,Dr. Steinburg,Person,,,
1940,Dr. Steve Victor,Person,New York,,
1941,Dr. Perry Bard,Person,,,
1942,Gerald Goldsmith,Person,Palm Beach,Palm Beach National Bank,
1943,Esther D. Sternberg,Person,Washington,,
1944,Maggie Tom,Person,,,
1945,Wayne Wyntik,Person,,,
1946,Dawn DeVito,Person,Palm Beach,,
1947,Francis Goldman,Person,Golden Lakes,,
1948,Alan Stopek,Person,Wellington,,
1949,Bill Maronet,Person,,,
1950,Michael,Person,,,
1951,Sally,Person,,,
1952,Mike Pezulo,Person,,,
1953,Palm Beach Police Department,Entity,Palm Beach,,
1954,Massage - Florida (a),Misc,,,
1955,John Bodie,Person,Santa Fe,,
1956,Jack Liggett,Person,,,
1957,Jerome Pierre,Person,Palm Beach,,
1958,Peters & Peters,Entity,London,,
1959,Scotland Yard,Entity,,,
1960,Keith Oliver,Person,London,Peters & Peters,
1961,Malcolm Grumbridge,Person,London,The Hogarth Group,
1962,Tony Busby,Person,,,
1963,Paul Cox,Person,,,
1964,Freedman Ellis,Person,,,
1965,Pierre Lemaine,Person,,,
1966,Bob Miranda,Person,,,
1967,Brian Moss,Person,,,
1968,Carolin Coleman,Person,,,
1969,Mauri Nesson,Person,,,
1970,Sarah Marden,Person,,,
1971,Scott Marden,Person,,,
1972,Rodolph Onakewe,Person,Paris,,
1973,Robert Ord,Person,,,
1974,Samuel Pisar,Person,,,
1975,Felix Posen,Person,London,,
1976,Derek Shaw,Person,,,
1977,Paul Travis,Person,,,
1978,Jim Tutle,Person,,,
1979,South Ken,Entity,,,
1980,The Home Office,Entity,,,
1981,The Corveglia Club,Entity,,,
1982,The Steffani,Entity,,,
1983,Aero Leasing,Entity,,,
1984,Air France,Entity,,,
1985,Air Hansen (Helicopter),Entity,,,
1986,American Airlines,Entity,,,
1987,American Express,Entity,,,
1988,AT&T,Entity,,,
1989,British Airways,Entity,,,
1990,Citicar,Entity,,,
1991,Concord Tickets,Entity,,,
1992,Continental Airlines,Entity,,,
1993,Delta Airlines,Entity,,,
1994,Delta Dash,Entity,,,
1995,DHL Courier,Entity,,,
1996,Flyaway,Entity,,,
1997,Flight Options,Misc,,,
1998,Frequent Flyer Clubs,Misc,,,
1999,Mario B. Garnero Jr.,Person,,Brasilinvest,
2000,Jean-Jacques Moinet,Person,Nice,Nice Helicopters,
2001,Steppes East,Entity,,,
2002,Net Jets,Entity,,,
2003,London Airways,Entity,,,
2004,Londsale,Entity,,,
2005,Nite & Day,Entity,Woodbridge,,
2006,Northwest Airlines,Entity,,,
2007,Pisa Brothers,Entity,New York,,
2008,Platinum Travel,Entity,,,
2009,Raytheon Travel Air,Entity,Southbury,,
2010,Red Carpet Limousine Company,Entity,,,
2011,Sapphire Travel,Entity,,,
2012,Shopper's Travel,Entity,New York,,
2013,Sprint,Entity,,,
2014,SR Reservations,Entity,,,
2015,"Plane Charter, Chauffair",Entity,,,
2016,Immunization,Misc,,,
2017,Phone,Misc,,,
2018,Travel Consolidator Europe,Misc,,,
2019,Travel Consolidators,Misc,,,
2020,Eileen Hickery,Person,,,
2021,Omar,Person,New Brunswick,Atto Travel,
2022,Geoffrey Kent,Person,Vero Beach,Abercrombie & Kent,
2023,TWA,Entity,,,
2024,United Airlines,Entity,,,
2025,US Air,Entity,,,
2026,USA International,Entity,,,
2027,Virgin Atlantic Airways,Entity,,,
2028,Bill Richardson,Person,,,"House Rep., New Mexico"
2029,Santa Fe Institute,Entity,Santa Fe,,
2030,Massage - New Mexico,Misc,,,
2031,Gov. Bruce King,Person,Santa Fe,,Governor of New Mexico
2032,John Kelly,Person,Albuquerque,,US Attorney for New Mexico
2033,Sam Domb,Person,,,
2034,Shannon Healy,Person,Santa Fe,,
2035,Gary Kerney,Person,Upper Marlboro,Landmark National,
2036,Rhonda King,Person,Stanley,Rhonda King Realty,
2037,Dr. Singleton,Person,Lamy,,
2038,Mrs. Singleton,Person,Lamy,,
2039,Dick Cowley,Person,,,
2040,Hatsuhana,Entity,,,
2041,Helmsley Palace,Entity,,,
2042,Il Cantinori,Entity,,,
2043,Il Tre Merli,Entity,,,
2044,Isabelle's,Entity,,,
2045,Jour et Nuit,Entity,,,
2046,Karen's For People Plus Pets,Entity,,,
2047,Le Club,Entity,,,
2048,Le Comptoir,Entity,,,
2049,Lowell Hotel,Entity,,,
2050,Madison Gourmet,Entity,,,
2051,Madison Towers,Entity,,,
2052,Le Madre,Entity,,,
2053,Mark Hotel,Entity,,,
2054,Mercer Kitchen,Entity,,,
2055,Morgan Hotel,Entity,,,
2056,Mr Chow,Entity,,,
2057,Massage - California,Misc,,,
2058,Patrick McMullan,Person,New York,,
2059,Georgette Klinger,Person,New York,,
2060,Amanda Cutter Brooks,Person,New York,,
2061,Christopher Brooks,Person,New York,,
2062,Alain de Cadenet,Person,London,,
2063,Azzedine Alaia,Person,Paris,,
2064,Victoria Cator,Person,London,,
2065,Alby Cator,Person,London,,
2066,Sophie Caruth,Person,London,,
2067,Fernando De Soto,Person,Madrid,,
2068,David Doss,Person,New York,,
2069,Christy Prunier,Person,New York,,
2070,Manuel Espirito Santo,Person,,,
2071,Ros Espirito Santo,Person,,,
2072,Princess Firyal,Person,New York,,
2073,Lucy Wastnage,Person,Hong Kong,,
2074,Blaine Trump,Person,New York,Trump Management Inc.,
2075,Robert Trump,Person,New York,Trump Management Inc.,
2076,Aboff Shelly,Person,,,
